name,base-RevTerm-best_cmd,base-RevTerm-time,h1-RevTerm-best_cmd,h1-RevTerm-time,h2-RevTerm-best_cmd,h2-RevTerm-time,h12-RevTerm-best_cmd,h12-RevTerm-time,direct-z3-RevTerm-best_cmd,direct-z3-RevTerm-time,cvc5-RevTerm-best_cmd,cvc5-RevTerm-time
2Nested_false-termination.c.smt2,./PolyQEnt experiments/benchmarks/RevTerm/all/2Nested_false-termination.c.smt2 experiments/configs-base/mathsat/benchmarks/RevTerm/all/2Nested_false-termination.c.smt2.json,1450.0,./PolyQEnt experiments/benchmarks/RevTerm/best_config/2Nested_false-termination.c.smt2 experiments/configs-h1/mathsat/benchmarks/RevTerm/best_config/2Nested_false-termination.c.smt2.json,298.0,./PolyQEnt experiments/benchmarks/RevTerm/all/2Nested_false-termination.c.smt2 experiments/configs-h2/mathsat/benchmarks/RevTerm/all/2Nested_false-termination.c.smt2.json,4412.0,./PolyQEnt experiments/benchmarks/RevTerm/best_config/2Nested_false-termination.c.smt2 experiments/configs-h12/mathsat/benchmarks/RevTerm/best_config/2Nested_false-termination.c.smt2.json,475.0,,,,
2Nested_true-termination.c.smt2,,,,,,,,,,,,
4NestedWith3Variables_true-termination.c.smt2,,,,,,,,,,,,
AliasDarteFeautrierGonnord-SAS2010-Fig1_true-termination.c.smt2,,,,,,,,,,,,
AliasDarteFeautrierGonnord-SAS2010-Fig2a_true-termination.c.smt2,,,,,,,,,,,,
AliasDarteFeautrierGonnord-SAS2010-Fig2b_true-termination.c.smt2,,,,,,,,,,,,
AliasDarteFeautrierGonnord-SAS2010-complex_true-termination.c.smt2,,,,,,,,,,,,
AliasDarteFeautrierGonnord-SAS2010-counterex1a_true-termination.c.smt2,,,,,,,,,,,,
AliasDarteFeautrierGonnord-SAS2010-counterex1b_true-termination.c.smt2,,,,,,,,,,,,
AliasDarteFeautrierGonnord-SAS2010-cousot9_true-termination.c.smt2,,,,,,,,,,,,
AliasDarteFeautrierGonnord-SAS2010-exmini_true-termination.c.smt2,,,,,,,,,,,,
AliasDarteFeautrierGonnord-SAS2010-loops_true-termination.c.smt2,,,,,,,,,,,,
AliasDarteFeautrierGonnord-SAS2010-ndecr_true-termination.c.smt2,,,,,,,,,,,,
AliasDarteFeautrierGonnord-SAS2010-nestedLoop_true-termination.c.smt2,,,,,,,,,,,,
AliasDarteFeautrierGonnord-SAS2010-random1d_true-termination.c.smt2,,,,,,,,,,,,
AliasDarteFeautrierGonnord-SAS2010-random2d_true-termination.c.smt2,,,,,,,,,,,,
AliasDarteFeautrierGonnord-SAS2010-rsd_true-termination.c.smt2,,,,,,,,,,,,
AliasDarteFeautrierGonnord-SAS2010-speedFails4_true-termination.c.smt2,,,,,,,,,,,,
AliasDarteFeautrierGonnord-SAS2010-speedpldi2_true-termination.c.smt2,,,,,,,,,,,,
AliasDarteFeautrierGonnord-SAS2010-speedpldi3_true-termination.c.smt2,,,,,,,,,,,,
AliasDarteFeautrierGonnord-SAS2010-speedpldi4_true-termination.c.smt2,,,,,,,,,,,,
AliasDarteFeautrierGonnord-SAS2010-terminate_true-termination.c.smt2,,,,,,,,,,,,
AliasDarteFeautrierGonnord-SAS2010-wcet2_true-termination.c.smt2,,,,,,,,,,,,
AliasDarteFeautrierGonnord-SAS2010-while2_true-termination.c.smt2,,,,,,,,,,,,
AliasDarteFeautrierGonnord-SAS2010-wise_true-termination.c.smt2,,,,,,,,,,,,
AlternDiv.c.smt2,./PolyQEnt experiments/benchmarks/RevTerm/best_config/AlternDiv.c.smt2 experiments/configs-base/mathsat/benchmarks/RevTerm/best_config/AlternDiv.c.smt2.json,619.0,./PolyQEnt experiments/benchmarks/RevTerm/best_config/AlternDiv.c.smt2 experiments/configs-h1/mathsat/benchmarks/RevTerm/best_config/AlternDiv.c.smt2.json,214.0,./PolyQEnt experiments/benchmarks/RevTerm/best_config/AlternDiv.c.smt2 experiments/configs-h2/z3/benchmarks/RevTerm/best_config/AlternDiv.c.smt2.json,1852.0,./PolyQEnt experiments/benchmarks/RevTerm/best_config/AlternDiv.c.smt2 experiments/configs-h12/z3/benchmarks/RevTerm/best_config/AlternDiv.c.smt2.json,836.0,./solver/z3 -smt2 experiments/benchmarks/RevTerm/best_config/AlternDiv.c.smt2,21.0,,
AlternDivWide.c.smt2,,,,,,,,,,,,
AlternDivWidening.c.smt2,,,,,,,,,,,,
AlternKonv.c.smt2,,,./PolyQEnt experiments/benchmarks/RevTerm/best_config/AlternKonv.c.smt2 experiments/configs-h1/mathsat/benchmarks/RevTerm/best_config/AlternKonv.c.smt2.json,2115.0,,,./PolyQEnt experiments/benchmarks/RevTerm/best_config/AlternKonv.c.smt2 experiments/configs-h12/mathsat/benchmarks/RevTerm/best_config/AlternKonv.c.smt2.json,153031.0,,,,
Avery-FLOPS2006-Table1_true-termination.c.smt2,,,,,,,,,,,,
Bangalore_false-termination.c.smt2,./PolyQEnt experiments/benchmarks/RevTerm/best_config/Bangalore_false-termination.c.smt2 experiments/configs-base/z3/benchmarks/RevTerm/best_config/Bangalore_false-termination.c.smt2.json,1039.0,./PolyQEnt experiments/benchmarks/RevTerm/best_config/Bangalore_false-termination.c.smt2 experiments/configs-h1/mathsat/benchmarks/RevTerm/best_config/Bangalore_false-termination.c.smt2.json,248.0,./PolyQEnt experiments/benchmarks/RevTerm/best_config/Bangalore_false-termination.c.smt2 experiments/configs-h2/z3/benchmarks/RevTerm/best_config/Bangalore_false-termination.c.smt2.json,682.0,./PolyQEnt experiments/benchmarks/RevTerm/best_config/Bangalore_false-termination.c.smt2 experiments/configs-h12/mathsat/benchmarks/RevTerm/best_config/Bangalore_false-termination.c.smt2.json,259.0,,,,
Bangalore_true-termination.c.smt2,,,,,,,,,,,,
Bangalore_v2_false-termination.c.smt2,./PolyQEnt experiments/benchmarks/RevTerm/all/Bangalore_v2_false-termination.c.smt2 experiments/configs-base/mathsat/benchmarks/RevTerm/all/Bangalore_v2_false-termination.c.smt2.json,1032.0,./PolyQEnt experiments/benchmarks/RevTerm/best_config/Bangalore_v2_false-termination.c.smt2 experiments/configs-h1/mathsat/benchmarks/RevTerm/best_config/Bangalore_v2_false-termination.c.smt2.json,231.0,./PolyQEnt experiments/benchmarks/RevTerm/best_config/Bangalore_v2_false-termination.c.smt2 experiments/configs-h2/mathsat/benchmarks/RevTerm/best_config/Bangalore_v2_false-termination.c.smt2.json,555.0,./PolyQEnt experiments/benchmarks/RevTerm/best_config/Bangalore_v2_false-termination.c.smt2 experiments/configs-h12/mathsat/benchmarks/RevTerm/best_config/Bangalore_v2_false-termination.c.smt2.json,250.0,,,,
Bangalore_v3_false-termination.c.smt2,./PolyQEnt experiments/benchmarks/RevTerm/all/Bangalore_v3_false-termination.c.smt2 experiments/configs-base/mathsat/benchmarks/RevTerm/all/Bangalore_v3_false-termination.c.smt2.json,973.0,./PolyQEnt experiments/benchmarks/RevTerm/best_config/Bangalore_v3_false-termination.c.smt2 experiments/configs-h1/mathsat/benchmarks/RevTerm/best_config/Bangalore_v3_false-termination.c.smt2.json,261.0,./PolyQEnt experiments/benchmarks/RevTerm/best_config/Bangalore_v3_false-termination.c.smt2 experiments/configs-h2/z3/benchmarks/RevTerm/best_config/Bangalore_v3_false-termination.c.smt2.json,1205.0,./PolyQEnt experiments/benchmarks/RevTerm/best_config/Bangalore_v3_false-termination.c.smt2 experiments/configs-h12/mathsat/benchmarks/RevTerm/best_config/Bangalore_v3_false-termination.c.smt2.json,278.0,,,,
Bangalore_v4_true-termination.c.smt2,,,,,,,,,,,,
Ben-Amram-LMCS2010-Ex2.3_true-termination.c.smt2,,,,,,,,,,,,
Benghazi_nondet_true-termination.c.smt2,,,,,,,,,,,,
Benghazi_true-termination.c.smt2,,,,,,,,,,,,
BradleyMannaSipma-CAV2005-Fig1-modified_false-termination.c.smt2,./PolyQEnt experiments/benchmarks/RevTerm/best_config/BradleyMannaSipma-CAV2005-Fig1-modified_false-termination.c.smt2 experiments/configs-base/z3/benchmarks/RevTerm/best_config/BradleyMannaSipma-CAV2005-Fig1-modified_false-termination.c.smt2.json,3080.0,./PolyQEnt experiments/benchmarks/RevTerm/best_config/BradleyMannaSipma-CAV2005-Fig1-modified_false-termination.c.smt2 experiments/configs-h1/mathsat/benchmarks/RevTerm/best_config/BradleyMannaSipma-CAV2005-Fig1-modified_false-termination.c.smt2.json,244.0,./PolyQEnt experiments/benchmarks/RevTerm/best_config/BradleyMannaSipma-CAV2005-Fig1-modified_false-termination.c.smt2 experiments/configs-h2/z3/benchmarks/RevTerm/best_config/BradleyMannaSipma-CAV2005-Fig1-modified_false-termination.c.smt2.json,3454.0,./PolyQEnt experiments/benchmarks/RevTerm/best_config/BradleyMannaSipma-CAV2005-Fig1-modified_false-termination.c.smt2 experiments/configs-h12/mathsat/benchmarks/RevTerm/best_config/BradleyMannaSipma-CAV2005-Fig1-modified_false-termination.c.smt2.json,321.0,,,,
BradleyMannaSipma-CAV2005-Fig1_true-termination.c.smt2,,,,,,,,,,,,
BradleyMannaSipma-ICALP2005-Fig1_true-termination.c.smt2,,,,,,,,,,,,
BrockschmidtCookFuhs-CAV2013-Fig1_true-termination.c.smt2,,,,,,,,,,,,
BrockschmidtCookFuhs-CAV2013-Fig9a_true-termination.c.smt2,,,,,,,,,,,,
BrockschmidtCookFuhs-CAV2013-Introduction_true-termination.c.smt2,,,,,,,,,,,,
Cairo_nondet_false-termination.c.smt2,./PolyQEnt experiments/benchmarks/RevTerm/best_config/Cairo_nondet_false-termination.c.smt2 experiments/configs-base/mathsat/benchmarks/RevTerm/best_config/Cairo_nondet_false-termination.c.smt2.json,1200.0,./PolyQEnt experiments/benchmarks/RevTerm/best_config/Cairo_nondet_false-termination.c.smt2 experiments/configs-h1/mathsat/benchmarks/RevTerm/best_config/Cairo_nondet_false-termination.c.smt2.json,228.0,./PolyQEnt experiments/benchmarks/RevTerm/best_config/Cairo_nondet_false-termination.c.smt2 experiments/configs-h2/z3/benchmarks/RevTerm/best_config/Cairo_nondet_false-termination.c.smt2.json,5510.0,./PolyQEnt experiments/benchmarks/RevTerm/all/Cairo_nondet_false-termination.c.smt2 experiments/configs-h12/mathsat/benchmarks/RevTerm/all/Cairo_nondet_false-termination.c.smt2.json,834.0,,,,
Cairo_step2_false-termination.c.smt2,./PolyQEnt experiments/benchmarks/RevTerm/best_config/Cairo_step2_false-termination.c.smt2 experiments/configs-base/z3/benchmarks/RevTerm/best_config/Cairo_step2_false-termination.c.smt2.json,2769.0,./PolyQEnt experiments/benchmarks/RevTerm/all/Cairo_step2_false-termination.c.smt2 experiments/configs-h1/mathsat/benchmarks/RevTerm/all/Cairo_step2_false-termination.c.smt2.json,850.0,,,./PolyQEnt experiments/benchmarks/RevTerm/all/Cairo_step2_false-termination.c.smt2 experiments/configs-h12/z3/benchmarks/RevTerm/all/Cairo_step2_false-termination.c.smt2.json,124733.0,,,,
Cairo_true-termination.c.smt2,,,,,,,,,,,,
ChawdharyCookGulwaniSagivYang-ESOP2008-aaron12_true-termination.c.smt2,,,,,,,,,,,,
ChawdharyCookGulwaniSagivYang-ESOP2008-aaron1_true-termination.c.smt2,,,,,,,,,,,,
ChawdharyCookGulwaniSagivYang-ESOP2008-aaron4_true-termination.c.smt2,,,,,,,,,,,,
ChawdharyCookGulwaniSagivYang-ESOP2008-aaron6_true-termination.c.smt2,,,,,,,,,,,,
ChawdharyCookGulwaniSagivYang-ESOP2008-random1d_true-termination.c.smt2,,,,,,,,,,,,
ChawdharyCookGulwaniSagivYang-ESOP2008-random2d_true-termination.c.smt2,,,,,,,,,,,,
ChenCookFuhsNimkarOHearn-TACAS2014-Introduction_false-termination.c.smt2,./PolyQEnt experiments/benchmarks/RevTerm/best_config/ChenCookFuhsNimkarOHearn-TACAS2014-Introduction_false-termination.c.smt2 experiments/configs-base/z3/benchmarks/RevTerm/best_config/ChenCookFuhsNimkarOHearn-TACAS2014-Introduction_false-termination.c.smt2.json,997.0,./PolyQEnt experiments/benchmarks/RevTerm/best_config/ChenCookFuhsNimkarOHearn-TACAS2014-Introduction_false-termination.c.smt2 experiments/configs-h1/mathsat/benchmarks/RevTerm/best_config/ChenCookFuhsNimkarOHearn-TACAS2014-Introduction_false-termination.c.smt2.json,211.0,./PolyQEnt experiments/benchmarks/RevTerm/best_config/ChenCookFuhsNimkarOHearn-TACAS2014-Introduction_false-termination.c.smt2 experiments/configs-h2/z3/benchmarks/RevTerm/best_config/ChenCookFuhsNimkarOHearn-TACAS2014-Introduction_false-termination.c.smt2.json,366.0,./PolyQEnt experiments/benchmarks/RevTerm/best_config/ChenCookFuhsNimkarOHearn-TACAS2014-Introduction_false-termination.c.smt2 experiments/configs-h12/mathsat/benchmarks/RevTerm/best_config/ChenCookFuhsNimkarOHearn-TACAS2014-Introduction_false-termination.c.smt2.json,288.0,,,,
ChenFlurMukhopadhyay-SAS2012-Ex1.01_true-termination.c.smt2,,,,,,,,,,,,
ChenFlurMukhopadhyay-SAS2012-Ex1.02_true-termination.c.smt2,,,,,,,,,,,,
ChenFlurMukhopadhyay-SAS2012-Ex1.03_true-termination.c.smt2,,,,,,,,,,,,
ChenFlurMukhopadhyay-SAS2012-Ex1.04_true-termination.c.smt2,,,,,,,,,,,,
ChenFlurMukhopadhyay-SAS2012-Ex1.05_true-termination.c.smt2,,,,,,,,,,,,
ChenFlurMukhopadhyay-SAS2012-Ex2.01_true-termination.c.smt2,,,,,,,,,,,,
ChenFlurMukhopadhyay-SAS2012-Ex2.02_false-termination.c.smt2,./PolyQEnt experiments/benchmarks/RevTerm/all/ChenFlurMukhopadhyay-SAS2012-Ex2.02_false-termination.c.smt2 experiments/configs-base/mathsat/benchmarks/RevTerm/all/ChenFlurMukhopadhyay-SAS2012-Ex2.02_false-termination.c.smt2.json,1032.0,./PolyQEnt experiments/benchmarks/RevTerm/best_config/ChenFlurMukhopadhyay-SAS2012-Ex2.02_false-termination.c.smt2 experiments/configs-h1/mathsat/benchmarks/RevTerm/best_config/ChenFlurMukhopadhyay-SAS2012-Ex2.02_false-termination.c.smt2.json,207.0,./PolyQEnt experiments/benchmarks/RevTerm/best_config/ChenFlurMukhopadhyay-SAS2012-Ex2.02_false-termination.c.smt2 experiments/configs-h2/z3/benchmarks/RevTerm/best_config/ChenFlurMukhopadhyay-SAS2012-Ex2.02_false-termination.c.smt2.json,2875.0,./PolyQEnt experiments/benchmarks/RevTerm/best_config/ChenFlurMukhopadhyay-SAS2012-Ex2.02_false-termination.c.smt2 experiments/configs-h12/z3/benchmarks/RevTerm/best_config/ChenFlurMukhopadhyay-SAS2012-Ex2.02_false-termination.c.smt2.json,646.0,,,,
ChenFlurMukhopadhyay-SAS2012-Ex2.03_false-termination.c.smt2,,,./PolyQEnt experiments/benchmarks/RevTerm/best_config/ChenFlurMukhopadhyay-SAS2012-Ex2.03_false-termination.c.smt2 experiments/configs-h1/mathsat/benchmarks/RevTerm/best_config/ChenFlurMukhopadhyay-SAS2012-Ex2.03_false-termination.c.smt2.json,279.0,,,,,,,,
ChenFlurMukhopadhyay-SAS2012-Ex2.04_false-termination.c.smt2,,,./PolyQEnt experiments/benchmarks/RevTerm/best_config/ChenFlurMukhopadhyay-SAS2012-Ex2.04_false-termination.c.smt2 experiments/configs-h1/mathsat/benchmarks/RevTerm/best_config/ChenFlurMukhopadhyay-SAS2012-Ex2.04_false-termination.c.smt2.json,246.0,,,./PolyQEnt experiments/benchmarks/RevTerm/best_config/ChenFlurMukhopadhyay-SAS2012-Ex2.04_false-termination.c.smt2 experiments/configs-h12/mathsat/benchmarks/RevTerm/best_config/ChenFlurMukhopadhyay-SAS2012-Ex2.04_false-termination.c.smt2.json,330.0,,,,
ChenFlurMukhopadhyay-SAS2012-Ex2.06_false-termination.c.smt2,,,,,,,,,,,,
ChenFlurMukhopadhyay-SAS2012-Ex2.07_true-termination.c.smt2,,,,,,,,,,,,
ChenFlurMukhopadhyay-SAS2012-Ex2.08_true-termination.c.smt2,,,,,,,,,,,,
ChenFlurMukhopadhyay-SAS2012-Ex2.09_true-termination.c.smt2,,,,,,,,,,,,
ChenFlurMukhopadhyay-SAS2012-Ex2.10_true-termination.c.smt2,,,,,,,,,,,,
ChenFlurMukhopadhyay-SAS2012-Ex2.11_false-termination.c.smt2,,,,,,,,,,,,
ChenFlurMukhopadhyay-SAS2012-Ex2.12_false-termination.c.smt2,,,./PolyQEnt experiments/benchmarks/RevTerm/best_config/ChenFlurMukhopadhyay-SAS2012-Ex2.12_false-termination.c.smt2 experiments/configs-h1/mathsat/benchmarks/RevTerm/best_config/ChenFlurMukhopadhyay-SAS2012-Ex2.12_false-termination.c.smt2.json,270.0,./PolyQEnt experiments/benchmarks/RevTerm/best_config/ChenFlurMukhopadhyay-SAS2012-Ex2.12_false-termination.c.smt2 experiments/configs-h2/mathsat/benchmarks/RevTerm/best_config/ChenFlurMukhopadhyay-SAS2012-Ex2.12_false-termination.c.smt2.json,12954.0,./PolyQEnt experiments/benchmarks/RevTerm/best_config/ChenFlurMukhopadhyay-SAS2012-Ex2.12_false-termination.c.smt2 experiments/configs-h12/mathsat/benchmarks/RevTerm/best_config/ChenFlurMukhopadhyay-SAS2012-Ex2.12_false-termination.c.smt2.json,365.0,,,,
ChenFlurMukhopadhyay-SAS2012-Ex2.13_true-termination.c.smt2,,,,,,,,,,,,
ChenFlurMukhopadhyay-SAS2012-Ex2.14_false-termination.c.smt2,,,,,,,,,,,,
ChenFlurMukhopadhyay-SAS2012-Ex2.15_false-termination.c.smt2,./PolyQEnt experiments/benchmarks/RevTerm/best_config/ChenFlurMukhopadhyay-SAS2012-Ex2.15_false-termination.c.smt2 experiments/configs-base/z3/benchmarks/RevTerm/best_config/ChenFlurMukhopadhyay-SAS2012-Ex2.15_false-termination.c.smt2.json,1044.0,./PolyQEnt experiments/benchmarks/RevTerm/best_config/ChenFlurMukhopadhyay-SAS2012-Ex2.15_false-termination.c.smt2 experiments/configs-h1/mathsat/benchmarks/RevTerm/best_config/ChenFlurMukhopadhyay-SAS2012-Ex2.15_false-termination.c.smt2.json,226.0,./PolyQEnt experiments/benchmarks/RevTerm/best_config/ChenFlurMukhopadhyay-SAS2012-Ex2.15_false-termination.c.smt2 experiments/configs-h2/z3/benchmarks/RevTerm/best_config/ChenFlurMukhopadhyay-SAS2012-Ex2.15_false-termination.c.smt2.json,982.0,./PolyQEnt experiments/benchmarks/RevTerm/best_config/ChenFlurMukhopadhyay-SAS2012-Ex2.15_false-termination.c.smt2 experiments/configs-h12/z3/benchmarks/RevTerm/best_config/ChenFlurMukhopadhyay-SAS2012-Ex2.15_false-termination.c.smt2.json,507.0,,,,
ChenFlurMukhopadhyay-SAS2012-Ex2.16_true-termination.c.smt2,,,,,,,,,,,,
ChenFlurMukhopadhyay-SAS2012-Ex2.17_false-termination.c.smt2,./PolyQEnt experiments/benchmarks/RevTerm/all/ChenFlurMukhopadhyay-SAS2012-Ex2.17_false-termination.c.smt2 experiments/configs-base/mathsat/benchmarks/RevTerm/all/ChenFlurMukhopadhyay-SAS2012-Ex2.17_false-termination.c.smt2.json,1207.0,./PolyQEnt experiments/benchmarks/RevTerm/best_config/ChenFlurMukhopadhyay-SAS2012-Ex2.17_false-termination.c.smt2 experiments/configs-h1/mathsat/benchmarks/RevTerm/best_config/ChenFlurMukhopadhyay-SAS2012-Ex2.17_false-termination.c.smt2.json,243.0,./PolyQEnt experiments/benchmarks/RevTerm/best_config/ChenFlurMukhopadhyay-SAS2012-Ex2.17_false-termination.c.smt2 experiments/configs-h2/z3/benchmarks/RevTerm/best_config/ChenFlurMukhopadhyay-SAS2012-Ex2.17_false-termination.c.smt2.json,892.0,./PolyQEnt experiments/benchmarks/RevTerm/best_config/ChenFlurMukhopadhyay-SAS2012-Ex2.17_false-termination.c.smt2 experiments/configs-h12/mathsat/benchmarks/RevTerm/best_config/ChenFlurMukhopadhyay-SAS2012-Ex2.17_false-termination.c.smt2.json,250.0,,,,
ChenFlurMukhopadhyay-SAS2012-Ex2.18_true-termination.c.smt2,,,,,,,,,,,,
ChenFlurMukhopadhyay-SAS2012-Ex2.19_true-termination.c.smt2,,,,,,,,,,,,
ChenFlurMukhopadhyay-SAS2012-Ex2.20_true-termination.c.smt2,,,,,,,,,,,,
ChenFlurMukhopadhyay-SAS2012-Ex2.21_true-termination.c.smt2,,,,,,,,,,,,
ChenFlurMukhopadhyay-SAS2012-Ex2.22_true-termination.c.smt2,,,,,,,,,,,,
ChenFlurMukhopadhyay-SAS2012-Ex3.01_true-termination.c.smt2,,,,,,,,,,,,
ChenFlurMukhopadhyay-SAS2012-Ex3.02_false-termination.c.smt2,,,./PolyQEnt experiments/benchmarks/RevTerm/best_config/ChenFlurMukhopadhyay-SAS2012-Ex3.02_false-termination.c.smt2 experiments/configs-h1/mathsat/benchmarks/RevTerm/best_config/ChenFlurMukhopadhyay-SAS2012-Ex3.02_false-termination.c.smt2.json,439.0,,,,,,,,
ChenFlurMukhopadhyay-SAS2012-Ex3.03_true-termination.c.smt2,,,,,,,,,,,,
ChenFlurMukhopadhyay-SAS2012-Ex3.04_true-termination.c.smt2,,,,,,,,,,,,
ChenFlurMukhopadhyay-SAS2012-Ex3.05_true-termination.c.smt2,,,,,,,,,,,,
ChenFlurMukhopadhyay-SAS2012-Ex3.06_false-termination.c.smt2,,,./PolyQEnt experiments/benchmarks/RevTerm/best_config/ChenFlurMukhopadhyay-SAS2012-Ex3.06_false-termination.c.smt2 experiments/configs-h1/mathsat/benchmarks/RevTerm/best_config/ChenFlurMukhopadhyay-SAS2012-Ex3.06_false-termination.c.smt2.json,869.0,,,./PolyQEnt experiments/benchmarks/RevTerm/best_config/ChenFlurMukhopadhyay-SAS2012-Ex3.06_false-termination.c.smt2 experiments/configs-h12/mathsat/benchmarks/RevTerm/best_config/ChenFlurMukhopadhyay-SAS2012-Ex3.06_false-termination.c.smt2.json,11348.0,,,,
ChenFlurMukhopadhyay-SAS2012-Ex3.07_true-termination.c.smt2,,,,,,,,,,,,
ChenFlurMukhopadhyay-SAS2012-Ex3.08_true-termination.c.smt2,,,,,,,,,,,,
ChenFlurMukhopadhyay-SAS2012-Ex3.09_true-termination.c.smt2,,,,,,,,,,,,
ChenFlurMukhopadhyay-SAS2012-Ex3.10_true-termination.c.smt2,,,,,,,,,,,,
ChenFlurMukhopadhyay-SAS2012-Ex4.01_true-termination.c.smt2,,,,,,,,,,,,
ChenFlurMukhopadhyay-SAS2012-Fig1_true-termination.c.smt2,,,,,,,,,,,,
Choose.c.smt2,./PolyQEnt experiments/benchmarks/RevTerm/best_config/Choose.c.smt2 experiments/configs-base/z3/benchmarks/RevTerm/best_config/Choose.c.smt2.json,806.0,./PolyQEnt experiments/benchmarks/RevTerm/best_config/Choose.c.smt2 experiments/configs-h1/mathsat/benchmarks/RevTerm/best_config/Choose.c.smt2.json,203.0,./PolyQEnt experiments/benchmarks/RevTerm/best_config/Choose.c.smt2 experiments/configs-h2/z3/benchmarks/RevTerm/best_config/Choose.c.smt2.json,691.0,./PolyQEnt experiments/benchmarks/RevTerm/best_config/Choose.c.smt2 experiments/configs-h12/mathsat/benchmarks/RevTerm/best_config/Choose.c.smt2.json,243.0,./solver/z3 -smt2 experiments/benchmarks/RevTerm/best_config/Choose.c.smt2,32.0,./solver/cvc5 -m experiments/benchmarks/RevTerm/best_config/Choose.c.smt2,20.0
ChooseLife.c.smt2,,,./PolyQEnt experiments/benchmarks/RevTerm/best_config/ChooseLife.c.smt2 experiments/configs-h1/mathsat/benchmarks/RevTerm/best_config/ChooseLife.c.smt2.json,362.0,,,./PolyQEnt experiments/benchmarks/RevTerm/best_config/ChooseLife.c.smt2 experiments/configs-h12/z3/benchmarks/RevTerm/best_config/ChooseLife.c.smt2.json,134304.0,,,,
ColonSipma-TACAS2001-Fig1_true-termination.c.smt2,,,,,,,,,,,,
ComplInterv.c.smt2,,,,,,,,,./solver/z3 -smt2 experiments/benchmarks/RevTerm/best_config/ComplInterv.c.smt2,32.0,,
ComplInterv2.c.smt2,./PolyQEnt experiments/benchmarks/RevTerm/best_config/ComplInterv2.c.smt2 experiments/configs-base/z3/benchmarks/RevTerm/best_config/ComplInterv2.c.smt2.json,1032.0,./PolyQEnt experiments/benchmarks/RevTerm/best_config/ComplInterv2.c.smt2 experiments/configs-h1/z3/benchmarks/RevTerm/best_config/ComplInterv2.c.smt2.json,341.0,./PolyQEnt experiments/benchmarks/RevTerm/best_config/ComplInterv2.c.smt2 experiments/configs-h2/z3/benchmarks/RevTerm/best_config/ComplInterv2.c.smt2.json,1182.0,./PolyQEnt experiments/benchmarks/RevTerm/best_config/ComplInterv2.c.smt2 experiments/configs-h12/z3/benchmarks/RevTerm/best_config/ComplInterv2.c.smt2.json,421.0,./solver/z3 -smt2 experiments/benchmarks/RevTerm/best_config/ComplInterv2.c.smt2,25.0,,
ComplInterv3.c.smt2,./PolyQEnt experiments/benchmarks/RevTerm/best_config/ComplInterv3.c.smt2 experiments/configs-base/mathsat/benchmarks/RevTerm/best_config/ComplInterv3.c.smt2.json,463.0,./PolyQEnt experiments/benchmarks/RevTerm/best_config/ComplInterv3.c.smt2 experiments/configs-h1/mathsat/benchmarks/RevTerm/best_config/ComplInterv3.c.smt2.json,337.0,./PolyQEnt experiments/benchmarks/RevTerm/best_config/ComplInterv3.c.smt2 experiments/configs-h2/mathsat/benchmarks/RevTerm/best_config/ComplInterv3.c.smt2.json,1030.0,./PolyQEnt experiments/benchmarks/RevTerm/best_config/ComplInterv3.c.smt2 experiments/configs-h12/mathsat/benchmarks/RevTerm/best_config/ComplInterv3.c.smt2.json,1101.0,./solver/z3 -smt2 experiments/benchmarks/RevTerm/all/ComplInterv3.c.smt2,49.0,./solver/cvc5 -m experiments/benchmarks/RevTerm/best_config/ComplInterv3.c.smt2,583.0
ComplxStruc.c.smt2,./PolyQEnt experiments/benchmarks/RevTerm/best_config/ComplxStruc.c.smt2 experiments/configs-base/z3/benchmarks/RevTerm/best_config/ComplxStruc.c.smt2.json,2065.0,./PolyQEnt experiments/benchmarks/RevTerm/best_config/ComplxStruc.c.smt2 experiments/configs-h1/mathsat/benchmarks/RevTerm/best_config/ComplxStruc.c.smt2.json,319.0,./PolyQEnt experiments/benchmarks/RevTerm/best_config/ComplxStruc.c.smt2 experiments/configs-h2/z3/benchmarks/RevTerm/best_config/ComplxStruc.c.smt2.json,1754.0,./PolyQEnt experiments/benchmarks/RevTerm/best_config/ComplxStruc.c.smt2 experiments/configs-h12/z3/benchmarks/RevTerm/best_config/ComplxStruc.c.smt2.json,633.0,,,,
ConvLower.c.smt2,./PolyQEnt experiments/benchmarks/RevTerm/best_config/ConvLower.c.smt2 experiments/configs-base/mathsat/benchmarks/RevTerm/best_config/ConvLower.c.smt2.json,281.0,./PolyQEnt experiments/benchmarks/RevTerm/best_config/ConvLower.c.smt2 experiments/configs-h1/mathsat/benchmarks/RevTerm/best_config/ConvLower.c.smt2.json,242.0,./PolyQEnt experiments/benchmarks/RevTerm/best_config/ConvLower.c.smt2 experiments/configs-h2/mathsat/benchmarks/RevTerm/best_config/ConvLower.c.smt2.json,531.0,./PolyQEnt experiments/benchmarks/RevTerm/best_config/ConvLower.c.smt2 experiments/configs-h12/mathsat/benchmarks/RevTerm/best_config/ConvLower.c.smt2.json,312.0,,,,
CookSeeZuleger-TACAS2013-Fig1_true-termination.c.smt2,,,,,,,,,,,,
CookSeeZuleger-TACAS2013-Fig7a_true-termination.c.smt2,,,,,,,,,,,,
CookSeeZuleger-TACAS2013-Fig7b_true-termination.c.smt2,,,,,,,,,,,,
CookSeeZuleger-TACAS2013-Fig8a-modified_true-termination.c.smt2,,,,,,,,,,,,
CookSeeZuleger-TACAS2013-Fig8a_true-termination.c.smt2,,,,,,,,,,,,
CookSeeZuleger-TACAS2013-Fig8b_true-termination.c.smt2,,,,,,,,,,,,
Copenhagen_disj_true-termination.c.smt2,,,,,,,,,,,,
Copenhagen_true-termination.c.smt2,,,,,,,,,,,,
Cousot.c.smt2,./PolyQEnt experiments/benchmarks/RevTerm/best_config/Cousot.c.smt2 experiments/configs-base/z3/benchmarks/RevTerm/best_config/Cousot.c.smt2.json,252.0,./PolyQEnt experiments/benchmarks/RevTerm/best_config/Cousot.c.smt2 experiments/configs-h1/mathsat/benchmarks/RevTerm/best_config/Cousot.c.smt2.json,189.0,./PolyQEnt experiments/benchmarks/RevTerm/best_config/Cousot.c.smt2 experiments/configs-h2/mathsat/benchmarks/RevTerm/best_config/Cousot.c.smt2.json,229.0,./PolyQEnt experiments/benchmarks/RevTerm/best_config/Cousot.c.smt2 experiments/configs-h12/mathsat/benchmarks/RevTerm/best_config/Cousot.c.smt2.json,211.0,./solver/z3 -smt2 experiments/benchmarks/RevTerm/best_config/Cousot.c.smt2,16.0,,
DivMinus.c.smt2,,,,,,,,,,,,
DivMinus2.c.smt2,,,,,,,,,,,,
DivWithoutMinus.c.smt2,,,./PolyQEnt experiments/benchmarks/RevTerm/best_config/DivWithoutMinus.c.smt2 experiments/configs-h1/mathsat/benchmarks/RevTerm/best_config/DivWithoutMinus.c.smt2.json,2725.0,,,,,,,,
DoubleNeg.c.smt2,,,,,,,,,,,,
Et1.c.smt2,,,,,,,,,,,,
Et2.c.smt2,./PolyQEnt experiments/benchmarks/RevTerm/best_config/Et2.c.smt2 experiments/configs-base/z3/benchmarks/RevTerm/best_config/Et2.c.smt2.json,622.0,./PolyQEnt experiments/benchmarks/RevTerm/best_config/Et2.c.smt2 experiments/configs-h1/mathsat/benchmarks/RevTerm/best_config/Et2.c.smt2.json,197.0,./PolyQEnt experiments/benchmarks/RevTerm/best_config/Et2.c.smt2 experiments/configs-h2/z3/benchmarks/RevTerm/best_config/Et2.c.smt2.json,804.0,./PolyQEnt experiments/benchmarks/RevTerm/best_config/Et2.c.smt2 experiments/configs-h12/z3/benchmarks/RevTerm/best_config/Et2.c.smt2.json,483.0,,,,
Et4.c.smt2,,,./PolyQEnt experiments/benchmarks/RevTerm/best_config/Et4.c.smt2 experiments/configs-h1/mathsat/benchmarks/RevTerm/best_config/Et4.c.smt2.json,706.0,,,,,,,,
Even.c.smt2,./PolyQEnt experiments/benchmarks/RevTerm/best_config/Even.c.smt2 experiments/configs-base/z3/benchmarks/RevTerm/best_config/Even.c.smt2.json,852.0,./PolyQEnt experiments/benchmarks/RevTerm/best_config/Even.c.smt2 experiments/configs-h1/mathsat/benchmarks/RevTerm/best_config/Even.c.smt2.json,286.0,./PolyQEnt experiments/benchmarks/RevTerm/best_config/Even.c.smt2 experiments/configs-h2/z3/benchmarks/RevTerm/best_config/Even.c.smt2.json,912.0,./PolyQEnt experiments/benchmarks/RevTerm/best_config/Even.c.smt2 experiments/configs-h12/mathsat/benchmarks/RevTerm/best_config/Even.c.smt2.json,334.0,,,,
Ex01.c.smt2,./PolyQEnt experiments/benchmarks/RevTerm/best_config/Ex01.c.smt2 experiments/configs-base/mathsat/benchmarks/RevTerm/best_config/Ex01.c.smt2.json,236.0,./PolyQEnt experiments/benchmarks/RevTerm/best_config/Ex01.c.smt2 experiments/configs-h1/mathsat/benchmarks/RevTerm/best_config/Ex01.c.smt2.json,224.0,./PolyQEnt experiments/benchmarks/RevTerm/best_config/Ex01.c.smt2 experiments/configs-h2/z3/benchmarks/RevTerm/best_config/Ex01.c.smt2.json,574.0,./PolyQEnt experiments/benchmarks/RevTerm/best_config/Ex01.c.smt2 experiments/configs-h12/z3/benchmarks/RevTerm/best_config/Ex01.c.smt2.json,323.0,./solver/z3 -smt2 experiments/benchmarks/RevTerm/all/Ex01.c.smt2,38.0,,
Ex02.c.smt2,./PolyQEnt experiments/benchmarks/RevTerm/best_config/Ex02.c.smt2 experiments/configs-base/z3/benchmarks/RevTerm/best_config/Ex02.c.smt2.json,606.0,./PolyQEnt experiments/benchmarks/RevTerm/best_config/Ex02.c.smt2 experiments/configs-h1/z3/benchmarks/RevTerm/best_config/Ex02.c.smt2.json,391.0,./PolyQEnt experiments/benchmarks/RevTerm/best_config/Ex02.c.smt2 experiments/configs-h2/z3/benchmarks/RevTerm/best_config/Ex02.c.smt2.json,675.0,./PolyQEnt experiments/benchmarks/RevTerm/best_config/Ex02.c.smt2 experiments/configs-h12/z3/benchmarks/RevTerm/best_config/Ex02.c.smt2.json,356.0,./solver/z3 -smt2 experiments/benchmarks/RevTerm/best_config/Ex02.c.smt2,29.0,,
Ex03.c.smt2,./PolyQEnt experiments/benchmarks/RevTerm/best_config/Ex03.c.smt2 experiments/configs-base/mathsat/benchmarks/RevTerm/best_config/Ex03.c.smt2.json,336.0,./PolyQEnt experiments/benchmarks/RevTerm/best_config/Ex03.c.smt2 experiments/configs-h1/mathsat/benchmarks/RevTerm/best_config/Ex03.c.smt2.json,307.0,./PolyQEnt experiments/benchmarks/RevTerm/best_config/Ex03.c.smt2 experiments/configs-h2/z3/benchmarks/RevTerm/best_config/Ex03.c.smt2.json,1870.0,./PolyQEnt experiments/benchmarks/RevTerm/best_config/Ex03.c.smt2 experiments/configs-h12/mathsat/benchmarks/RevTerm/best_config/Ex03.c.smt2.json,467.0,./solver/z3 -smt2 experiments/benchmarks/RevTerm/all/Ex03.c.smt2,83.0,,
Ex04.c.smt2,./PolyQEnt experiments/benchmarks/RevTerm/best_config/Ex04.c.smt2 experiments/configs-base/mathsat/benchmarks/RevTerm/best_config/Ex04.c.smt2.json,288.0,./PolyQEnt experiments/benchmarks/RevTerm/all/Ex04.c.smt2 experiments/configs-h1/mathsat/benchmarks/RevTerm/all/Ex04.c.smt2.json,285.0,./PolyQEnt experiments/benchmarks/RevTerm/best_config/Ex04.c.smt2 experiments/configs-h2/z3/benchmarks/RevTerm/best_config/Ex04.c.smt2.json,313.0,./PolyQEnt experiments/benchmarks/RevTerm/all/Ex04.c.smt2 experiments/configs-h12/z3/benchmarks/RevTerm/all/Ex04.c.smt2.json,273.0,./solver/z3 -smt2 experiments/benchmarks/RevTerm/best_config/Ex04.c.smt2,33.0,,
Ex05.c.smt2,./PolyQEnt experiments/benchmarks/RevTerm/best_config/Ex05.c.smt2 experiments/configs-base/z3/benchmarks/RevTerm/best_config/Ex05.c.smt2.json,197.0,./PolyQEnt experiments/benchmarks/RevTerm/best_config/Ex05.c.smt2 experiments/configs-h1/z3/benchmarks/RevTerm/best_config/Ex05.c.smt2.json,195.0,./PolyQEnt experiments/benchmarks/RevTerm/best_config/Ex05.c.smt2 experiments/configs-h2/z3/benchmarks/RevTerm/best_config/Ex05.c.smt2.json,208.0,./PolyQEnt experiments/benchmarks/RevTerm/best_config/Ex05.c.smt2 experiments/configs-h12/mathsat/benchmarks/RevTerm/best_config/Ex05.c.smt2.json,203.0,./solver/z3 -smt2 experiments/benchmarks/RevTerm/best_config/Ex05.c.smt2,20.0,./solver/cvc5 -m experiments/benchmarks/RevTerm/all/Ex05.c.smt2,8.0
Ex06.c.smt2,./PolyQEnt experiments/benchmarks/RevTerm/best_config/Ex06.c.smt2 experiments/configs-base/z3/benchmarks/RevTerm/best_config/Ex06.c.smt2.json,3445.0,./PolyQEnt experiments/benchmarks/RevTerm/best_config/Ex06.c.smt2 experiments/configs-h1/mathsat/benchmarks/RevTerm/best_config/Ex06.c.smt2.json,289.0,./PolyQEnt experiments/benchmarks/RevTerm/best_config/Ex06.c.smt2 experiments/configs-h2/z3/benchmarks/RevTerm/best_config/Ex06.c.smt2.json,1263.0,./PolyQEnt experiments/benchmarks/RevTerm/best_config/Ex06.c.smt2 experiments/configs-h12/mathsat/benchmarks/RevTerm/best_config/Ex06.c.smt2.json,322.0,./solver/z3 -smt2 experiments/benchmarks/RevTerm/best_config/Ex06.c.smt2,63.0,,
Ex07.c.smt2,./PolyQEnt experiments/benchmarks/RevTerm/best_config/Ex07.c.smt2 experiments/configs-base/z3/benchmarks/RevTerm/best_config/Ex07.c.smt2.json,1965.0,./PolyQEnt experiments/benchmarks/RevTerm/best_config/Ex07.c.smt2 experiments/configs-h1/mathsat/benchmarks/RevTerm/best_config/Ex07.c.smt2.json,301.0,./PolyQEnt experiments/benchmarks/RevTerm/best_config/Ex07.c.smt2 experiments/configs-h2/z3/benchmarks/RevTerm/best_config/Ex07.c.smt2.json,292.0,./PolyQEnt experiments/benchmarks/RevTerm/best_config/Ex07.c.smt2 experiments/configs-h12/z3/benchmarks/RevTerm/best_config/Ex07.c.smt2.json,265.0,./solver/z3 -smt2 experiments/benchmarks/RevTerm/best_config/Ex07.c.smt2,24.0,,
Ex08.c.smt2,./PolyQEnt experiments/benchmarks/RevTerm/best_config/Ex08.c.smt2 experiments/configs-base/z3/benchmarks/RevTerm/best_config/Ex08.c.smt2.json,1961.0,./PolyQEnt experiments/benchmarks/RevTerm/best_config/Ex08.c.smt2 experiments/configs-h1/mathsat/benchmarks/RevTerm/best_config/Ex08.c.smt2.json,326.0,./PolyQEnt experiments/benchmarks/RevTerm/best_config/Ex08.c.smt2 experiments/configs-h2/z3/benchmarks/RevTerm/best_config/Ex08.c.smt2.json,3040.0,./PolyQEnt experiments/benchmarks/RevTerm/best_config/Ex08.c.smt2 experiments/configs-h12/mathsat/benchmarks/RevTerm/best_config/Ex08.c.smt2.json,1110.0,,,,
Factorial.c.smt2,,,,,,,,,,,,
Fibonacci.c.smt2,,,./PolyQEnt experiments/benchmarks/RevTerm/best_config/Fibonacci.c.smt2 experiments/configs-h1/mathsat/benchmarks/RevTerm/best_config/Fibonacci.c.smt2.json,674.0,,,./PolyQEnt experiments/benchmarks/RevTerm/best_config/Fibonacci.c.smt2 experiments/configs-h12/mathsat/benchmarks/RevTerm/best_config/Fibonacci.c.smt2.json,23376.0,,,,
Flip.c.smt2,,,./PolyQEnt experiments/benchmarks/RevTerm/best_config/Flip.c.smt2 experiments/configs-h1/mathsat/benchmarks/RevTerm/best_config/Flip.c.smt2.json,763.0,,,./PolyQEnt experiments/benchmarks/RevTerm/best_config/Flip.c.smt2 experiments/configs-h12/z3/benchmarks/RevTerm/best_config/Flip.c.smt2.json,75042.0,,,,
Flip2.c.smt2,,,./PolyQEnt experiments/benchmarks/RevTerm/all/Flip2.c.smt2 experiments/configs-h1/mathsat/benchmarks/RevTerm/all/Flip2.c.smt2.json,5017.0,,,,,,,,
GCD.c.smt2,,,./PolyQEnt experiments/benchmarks/RevTerm/best_config/GCD.c.smt2 experiments/configs-h1/mathsat/benchmarks/RevTerm/best_config/GCD.c.smt2.json,618.0,,,./PolyQEnt experiments/benchmarks/RevTerm/best_config/GCD.c.smt2 experiments/configs-h12/mathsat/benchmarks/RevTerm/best_config/GCD.c.smt2.json,87398.0,,,,
GCD2.c.smt2,,,./PolyQEnt experiments/benchmarks/RevTerm/best_config/GCD2.c.smt2 experiments/configs-h1/mathsat/benchmarks/RevTerm/best_config/GCD2.c.smt2.json,15771.0,,,,,,,,
GCD3.c.smt2,,,,,,,,,,,,
GCD4.c.smt2,,,,,,,,,,,,
Gauss.c.smt2,./PolyQEnt experiments/benchmarks/RevTerm/best_config/Gauss.c.smt2 experiments/configs-base/z3/benchmarks/RevTerm/best_config/Gauss.c.smt2.json,249.0,./PolyQEnt experiments/benchmarks/RevTerm/best_config/Gauss.c.smt2 experiments/configs-h1/mathsat/benchmarks/RevTerm/best_config/Gauss.c.smt2.json,198.0,./PolyQEnt experiments/benchmarks/RevTerm/best_config/Gauss.c.smt2 experiments/configs-h2/z3/benchmarks/RevTerm/best_config/Gauss.c.smt2.json,394.0,./PolyQEnt experiments/benchmarks/RevTerm/best_config/Gauss.c.smt2 experiments/configs-h12/z3/benchmarks/RevTerm/best_config/Gauss.c.smt2.json,302.0,,,,
GopanReps-CAV2006-Fig1a_true-termination.c.c.smt2,,,,,,,,,,,,
Gothenburg_true-termination.c.smt2,,,,,,,,,,,,
Gothenburg_v2_true-termination.c.smt2,,,,,,,,,,,,
GulavaniGulwani-CAV2008-Fig1a_true-termination.c.smt2,,,,,,,,,,,,
GulavaniGulwani-CAV2008-Fig1b_true-termination.c.smt2,,,,,,,,,,,,
GulavaniGulwani-CAV2008-Fig1c_true-termination.c.smt2,,,,,,,,,,,,
GulwaniJainKoskinen-PLDI2009-Fig1_true-termination.c.smt2,,,,,,,,,,,,
Hanoi_2vars_false-termination.c.smt2,./PolyQEnt experiments/benchmarks/RevTerm/all/Hanoi_2vars_false-termination.c.smt2 experiments/configs-base/mathsat/benchmarks/RevTerm/all/Hanoi_2vars_false-termination.c.smt2.json,1341.0,./PolyQEnt experiments/benchmarks/RevTerm/best_config/Hanoi_2vars_false-termination.c.smt2 experiments/configs-h1/mathsat/benchmarks/RevTerm/best_config/Hanoi_2vars_false-termination.c.smt2.json,229.0,./PolyQEnt experiments/benchmarks/RevTerm/best_config/Hanoi_2vars_false-termination.c.smt2 experiments/configs-h2/z3/benchmarks/RevTerm/best_config/Hanoi_2vars_false-termination.c.smt2.json,3073.0,./PolyQEnt experiments/benchmarks/RevTerm/best_config/Hanoi_2vars_false-termination.c.smt2 experiments/configs-h12/z3/benchmarks/RevTerm/best_config/Hanoi_2vars_false-termination.c.smt2.json,481.0,,,,
Hanoi_3vars_false-termination.c.smt2,,,./PolyQEnt experiments/benchmarks/RevTerm/best_config/Hanoi_3vars_false-termination.c.smt2 experiments/configs-h1/mathsat/benchmarks/RevTerm/best_config/Hanoi_3vars_false-termination.c.smt2.json,476.0,,,,,,,,
Hanoi_plus_false-termination.c.smt2,,,./PolyQEnt experiments/benchmarks/RevTerm/best_config/Hanoi_plus_false-termination.c.smt2 experiments/configs-h1/mathsat/benchmarks/RevTerm/best_config/Hanoi_plus_false-termination.c.smt2.json,229.0,,,./PolyQEnt experiments/benchmarks/RevTerm/best_config/Hanoi_plus_false-termination.c.smt2 experiments/configs-h12/mathsat/benchmarks/RevTerm/best_config/Hanoi_plus_false-termination.c.smt2.json,3509.0,,,,
HeizmannHoenickeLeikePodelski-ATVA2013-Fig1_true-termination.c.smt2,,,,,,,,,,,,
HeizmannHoenickeLeikePodelski-ATVA2013-Fig4_true-termination.c.smt2,,,,,,,,,,,,
HeizmannHoenickeLeikePodelski-ATVA2013-Fig6_true-termination.c.smt2,,,,,,,,,,,,
HeizmannHoenickeLeikePodelski-ATVA2013-Fig8_true-termination.c.smt2,,,,,,,,,,,,
HeizmannHoenickeLeikePodelski-ATVA2013-Fig9_true-termination.c.smt2,,,,,,,,,,,,
IntPath.c.smt2,,,,,,,,,,,,
KroeningSharyginaTsitovichWintersteiger-CAV2010-Ex_true-termination.c.smt2,,,,,,,,,,,,
LarrazOliverasRodriguez-CarbonellRubio-FMCAD2013-Fig1_true-termination.c.smt2,,,,,,,,,,,,
Lcm.c.smt2,,,./PolyQEnt experiments/benchmarks/RevTerm/best_config/Lcm.c.smt2 experiments/configs-h1/mathsat/benchmarks/RevTerm/best_config/Lcm.c.smt2.json,2766.0,,,,,,,,
LeikeHeizmann-TACAS2014-Ex1_true-termination.c.smt2,,,,,,,,,,,,
LeikeHeizmann-TACAS2014-Ex7_true-termination.c.smt2,,,,,,,,,,,,
LeikeHeizmann-TACAS2014-Ex8_true-termination.c.smt2,,,,,,,,,,,,
LeikeHeizmann-TACAS2014-Ex9_true-termination.c.smt2,,,,,,,,,,,,
LeikeHeizmann-TACAS2014-Fig1_true-termination.c.smt2,,,,,,,,,,,,
LeikeHeizmann-WST2014-Ex5_false-termination.c.smt2,,,./PolyQEnt experiments/benchmarks/RevTerm/best_config/LeikeHeizmann-WST2014-Ex5_false-termination.c.smt2 experiments/configs-h1/mathsat/benchmarks/RevTerm/best_config/LeikeHeizmann-WST2014-Ex5_false-termination.c.smt2.json,307.0,,,./PolyQEnt experiments/benchmarks/RevTerm/best_config/LeikeHeizmann-WST2014-Ex5_false-termination.c.smt2 experiments/configs-h12/z3/benchmarks/RevTerm/best_config/LeikeHeizmann-WST2014-Ex5_false-termination.c.smt2.json,2460.0,,,,
LeikeHeizmann-WST2014-Ex6_false-termination.c.smt2,./PolyQEnt experiments/benchmarks/RevTerm/all/LeikeHeizmann-WST2014-Ex6_false-termination.c.smt2 experiments/configs-base/mathsat/benchmarks/RevTerm/all/LeikeHeizmann-WST2014-Ex6_false-termination.c.smt2.json,1382.0,./PolyQEnt experiments/benchmarks/RevTerm/best_config/LeikeHeizmann-WST2014-Ex6_false-termination.c.smt2 experiments/configs-h1/mathsat/benchmarks/RevTerm/best_config/LeikeHeizmann-WST2014-Ex6_false-termination.c.smt2.json,199.0,./PolyQEnt experiments/benchmarks/RevTerm/best_config/LeikeHeizmann-WST2014-Ex6_false-termination.c.smt2 experiments/configs-h2/z3/benchmarks/RevTerm/best_config/LeikeHeizmann-WST2014-Ex6_false-termination.c.smt2.json,3030.0,./PolyQEnt experiments/benchmarks/RevTerm/best_config/LeikeHeizmann-WST2014-Ex6_false-termination.c.smt2 experiments/configs-h12/z3/benchmarks/RevTerm/best_config/LeikeHeizmann-WST2014-Ex6_false-termination.c.smt2.json,530.0,,,,
Lobnya-Boolean-Reordered_true-termination.c.smt2,,,,,,,,,,,,
Log.c.smt2,,,,,,,,,,,,
LogAG.c.smt2,,,,,,,,,,,,
LogMult.c.smt2,,,,,,,,,,,,
Loop.c.smt2,./PolyQEnt experiments/benchmarks/RevTerm/best_config/Loop.c.smt2 experiments/configs-base/z3/benchmarks/RevTerm/best_config/Loop.c.smt2.json,1711.0,./PolyQEnt experiments/benchmarks/RevTerm/best_config/Loop.c.smt2 experiments/configs-h1/mathsat/benchmarks/RevTerm/best_config/Loop.c.smt2.json,226.0,./PolyQEnt experiments/benchmarks/RevTerm/best_config/Loop.c.smt2 experiments/configs-h2/z3/benchmarks/RevTerm/best_config/Loop.c.smt2.json,620.0,./PolyQEnt experiments/benchmarks/RevTerm/best_config/Loop.c.smt2 experiments/configs-h12/mathsat/benchmarks/RevTerm/best_config/Loop.c.smt2.json,271.0,./solver/z3 -smt2 experiments/benchmarks/RevTerm/best_config/Loop.c.smt2,35.0,,
Madrid_false-termination.c.smt2,./PolyQEnt experiments/benchmarks/RevTerm/best_config/Madrid_false-termination.c.smt2 experiments/configs-base/mathsat/benchmarks/RevTerm/best_config/Madrid_false-termination.c.smt2.json,185.0,./PolyQEnt experiments/benchmarks/RevTerm/best_config/Madrid_false-termination.c.smt2 experiments/configs-h1/mathsat/benchmarks/RevTerm/best_config/Madrid_false-termination.c.smt2.json,185.0,./PolyQEnt experiments/benchmarks/RevTerm/best_config/Madrid_false-termination.c.smt2 experiments/configs-h2/mathsat/benchmarks/RevTerm/best_config/Madrid_false-termination.c.smt2.json,207.0,./PolyQEnt experiments/benchmarks/RevTerm/best_config/Madrid_false-termination.c.smt2 experiments/configs-h12/mathsat/benchmarks/RevTerm/best_config/Madrid_false-termination.c.smt2.json,178.0,./solver/z3 -smt2 experiments/benchmarks/RevTerm/best_config/Madrid_false-termination.c.smt2,26.0,./solver/cvc5 -m experiments/benchmarks/RevTerm/best_config/Madrid_false-termination.c.smt2,7.0
Marbie1.c.smt2,./PolyQEnt experiments/benchmarks/RevTerm/best_config/Marbie1.c.smt2 experiments/configs-base/mathsat/benchmarks/RevTerm/best_config/Marbie1.c.smt2.json,276.0,./PolyQEnt experiments/benchmarks/RevTerm/best_config/Marbie1.c.smt2 experiments/configs-h1/mathsat/benchmarks/RevTerm/best_config/Marbie1.c.smt2.json,321.0,./PolyQEnt experiments/benchmarks/RevTerm/best_config/Marbie1.c.smt2 experiments/configs-h2/mathsat/benchmarks/RevTerm/best_config/Marbie1.c.smt2.json,526.0,./PolyQEnt experiments/benchmarks/RevTerm/best_config/Marbie1.c.smt2 experiments/configs-h12/mathsat/benchmarks/RevTerm/best_config/Marbie1.c.smt2.json,372.0,./solver/z3 -smt2 experiments/benchmarks/RevTerm/all/Marbie1.c.smt2,866.0,,
Marbie2.c.smt2,./PolyQEnt experiments/benchmarks/RevTerm/best_config/Marbie2.c.smt2 experiments/configs-base/z3/benchmarks/RevTerm/best_config/Marbie2.c.smt2.json,526.0,./PolyQEnt experiments/benchmarks/RevTerm/best_config/Marbie2.c.smt2 experiments/configs-h1/mathsat/benchmarks/RevTerm/best_config/Marbie2.c.smt2.json,191.0,./PolyQEnt experiments/benchmarks/RevTerm/best_config/Marbie2.c.smt2 experiments/configs-h2/mathsat/benchmarks/RevTerm/best_config/Marbie2.c.smt2.json,208.0,./PolyQEnt experiments/benchmarks/RevTerm/best_config/Marbie2.c.smt2 experiments/configs-h12/mathsat/benchmarks/RevTerm/best_config/Marbie2.c.smt2.json,213.0,./solver/z3 -smt2 experiments/benchmarks/RevTerm/all/Marbie2.c.smt2,31.0,,
Masse-VMCAI2014-Ex6_true-termination.c.smt2,,,,,,,,,,,,
Masse-VMCAI2014-Fig1a_true-termination.c.smt2,,,,,,,,,,,,
Masse-VMCAI2014-Fig1b_true-termination.c.smt2,,,,,,,,,,,,
McCarthy91_Iteration_true-termination.c.smt2,,,,,,,,,,,,
McCarthyIterative.c.smt2,,,,,,,,,,,,
MenloPark_true-termination.c.smt2,,,,,,,,,,,,
Middle.c.smt2,./PolyQEnt experiments/benchmarks/RevTerm/best_config/Middle.c.smt2 experiments/configs-base/z3/benchmarks/RevTerm/best_config/Middle.c.smt2.json,625.0,./PolyQEnt experiments/benchmarks/RevTerm/best_config/Middle.c.smt2 experiments/configs-h1/mathsat/benchmarks/RevTerm/best_config/Middle.c.smt2.json,245.0,./PolyQEnt experiments/benchmarks/RevTerm/best_config/Middle.c.smt2 experiments/configs-h2/z3/benchmarks/RevTerm/best_config/Middle.c.smt2.json,764.0,./PolyQEnt experiments/benchmarks/RevTerm/best_config/Middle.c.smt2 experiments/configs-h12/mathsat/benchmarks/RevTerm/best_config/Middle.c.smt2.json,275.0,./solver/z3 -smt2 experiments/benchmarks/RevTerm/best_config/Middle.c.smt2,59285.0,,
MinusBuiltIn.c.smt2,,,,,,,,,,,,
MinusMin.c.smt2,,,,,,,,,,,,
MinusUserDefined.c.smt2,,,,,,,,,,,,
MirrorInterv.c.smt2,,,./PolyQEnt experiments/benchmarks/RevTerm/best_config/MirrorInterv.c.smt2 experiments/configs-h1/mathsat/benchmarks/RevTerm/best_config/MirrorInterv.c.smt2.json,2488.0,,,./PolyQEnt experiments/benchmarks/RevTerm/best_config/MirrorInterv.c.smt2 experiments/configs-h12/mathsat/benchmarks/RevTerm/best_config/MirrorInterv.c.smt2.json,4839.0,,,,
MirrorIntervSim.c.smt2,,,./PolyQEnt experiments/benchmarks/RevTerm/best_config/MirrorIntervSim.c.smt2 experiments/configs-h1/mathsat/benchmarks/RevTerm/best_config/MirrorIntervSim.c.smt2.json,331.0,./PolyQEnt experiments/benchmarks/RevTerm/best_config/MirrorIntervSim.c.smt2 experiments/configs-h2/z3/benchmarks/RevTerm/best_config/MirrorIntervSim.c.smt2.json,18437.0,./PolyQEnt experiments/benchmarks/RevTerm/best_config/MirrorIntervSim.c.smt2 experiments/configs-h12/z3/benchmarks/RevTerm/best_config/MirrorIntervSim.c.smt2.json,3405.0,./solver/z3 -smt2 experiments/benchmarks/RevTerm/all/MirrorIntervSim.c.smt2,62.0,./solver/cvc5 -m experiments/benchmarks/RevTerm/best_config/MirrorIntervSim.c.smt2,925.0
Mysore_false-termination.c.smt2,./PolyQEnt experiments/benchmarks/RevTerm/all/Mysore_false-termination.c.smt2 experiments/configs-base/mathsat/benchmarks/RevTerm/all/Mysore_false-termination.c.smt2.json,1461.0,./PolyQEnt experiments/benchmarks/RevTerm/best_config/Mysore_false-termination.c.smt2 experiments/configs-h1/mathsat/benchmarks/RevTerm/best_config/Mysore_false-termination.c.smt2.json,460.0,,,,,,,,
Mysore_true-termination.c.smt2,,,,,,,,,,,,
NO_00.c.smt2,./PolyQEnt experiments/benchmarks/RevTerm/best_config/NO_00.c.smt2 experiments/configs-base/mathsat/benchmarks/RevTerm/best_config/NO_00.c.smt2.json,212.0,./PolyQEnt experiments/benchmarks/RevTerm/best_config/NO_00.c.smt2 experiments/configs-h1/mathsat/benchmarks/RevTerm/best_config/NO_00.c.smt2.json,233.0,./PolyQEnt experiments/benchmarks/RevTerm/best_config/NO_00.c.smt2 experiments/configs-h2/mathsat/benchmarks/RevTerm/best_config/NO_00.c.smt2.json,279.0,./PolyQEnt experiments/benchmarks/RevTerm/best_config/NO_00.c.smt2 experiments/configs-h12/mathsat/benchmarks/RevTerm/best_config/NO_00.c.smt2.json,215.0,./solver/z3 -smt2 experiments/benchmarks/RevTerm/all/NO_00.c.smt2,43.0,,
NO_01.c.smt2,./PolyQEnt experiments/benchmarks/RevTerm/best_config/NO_01.c.smt2 experiments/configs-base/z3/benchmarks/RevTerm/best_config/NO_01.c.smt2.json,664.0,./PolyQEnt experiments/benchmarks/RevTerm/best_config/NO_01.c.smt2 experiments/configs-h1/mathsat/benchmarks/RevTerm/best_config/NO_01.c.smt2.json,206.0,./PolyQEnt experiments/benchmarks/RevTerm/best_config/NO_01.c.smt2 experiments/configs-h2/z3/benchmarks/RevTerm/best_config/NO_01.c.smt2.json,721.0,./PolyQEnt experiments/benchmarks/RevTerm/best_config/NO_01.c.smt2 experiments/configs-h12/z3/benchmarks/RevTerm/best_config/NO_01.c.smt2.json,1032.0,,,,
NO_02.c.smt2,./PolyQEnt experiments/benchmarks/RevTerm/best_config/NO_02.c.smt2 experiments/configs-base/z3/benchmarks/RevTerm/best_config/NO_02.c.smt2.json,399.0,./PolyQEnt experiments/benchmarks/RevTerm/best_config/NO_02.c.smt2 experiments/configs-h1/mathsat/benchmarks/RevTerm/best_config/NO_02.c.smt2.json,183.0,./PolyQEnt experiments/benchmarks/RevTerm/best_config/NO_02.c.smt2 experiments/configs-h2/z3/benchmarks/RevTerm/best_config/NO_02.c.smt2.json,630.0,./PolyQEnt experiments/benchmarks/RevTerm/best_config/NO_02.c.smt2 experiments/configs-h12/mathsat/benchmarks/RevTerm/best_config/NO_02.c.smt2.json,205.0,,,,
NO_03.c.smt2,./PolyQEnt experiments/benchmarks/RevTerm/best_config/NO_03.c.smt2 experiments/configs-base/z3/benchmarks/RevTerm/best_config/NO_03.c.smt2.json,908.0,./PolyQEnt experiments/benchmarks/RevTerm/best_config/NO_03.c.smt2 experiments/configs-h1/mathsat/benchmarks/RevTerm/best_config/NO_03.c.smt2.json,176.0,./PolyQEnt experiments/benchmarks/RevTerm/best_config/NO_03.c.smt2 experiments/configs-h2/z3/benchmarks/RevTerm/best_config/NO_03.c.smt2.json,550.0,./PolyQEnt experiments/benchmarks/RevTerm/best_config/NO_03.c.smt2 experiments/configs-h12/mathsat/benchmarks/RevTerm/best_config/NO_03.c.smt2.json,213.0,,,,
NO_04.c.smt2,,,,,,,,,,,,
NO_10.c.smt2,./PolyQEnt experiments/benchmarks/RevTerm/all/NO_10.c.smt2 experiments/configs-base/mathsat/benchmarks/RevTerm/all/NO_10.c.smt2.json,776.0,./PolyQEnt experiments/benchmarks/RevTerm/best_config/NO_10.c.smt2 experiments/configs-h1/mathsat/benchmarks/RevTerm/best_config/NO_10.c.smt2.json,233.0,./PolyQEnt experiments/benchmarks/RevTerm/all/NO_10.c.smt2 experiments/configs-h2/mathsat/benchmarks/RevTerm/all/NO_10.c.smt2.json,1379.0,./PolyQEnt experiments/benchmarks/RevTerm/best_config/NO_10.c.smt2 experiments/configs-h12/mathsat/benchmarks/RevTerm/best_config/NO_10.c.smt2.json,228.0,,,,
NO_12.c.smt2,./PolyQEnt experiments/benchmarks/RevTerm/best_config/NO_12.c.smt2 experiments/configs-base/mathsat/benchmarks/RevTerm/best_config/NO_12.c.smt2.json,295.0,./PolyQEnt experiments/benchmarks/RevTerm/best_config/NO_12.c.smt2 experiments/configs-h1/mathsat/benchmarks/RevTerm/best_config/NO_12.c.smt2.json,195.0,./PolyQEnt experiments/benchmarks/RevTerm/best_config/NO_12.c.smt2 experiments/configs-h2/z3/benchmarks/RevTerm/best_config/NO_12.c.smt2.json,347.0,./PolyQEnt experiments/benchmarks/RevTerm/best_config/NO_12.c.smt2 experiments/configs-h12/mathsat/benchmarks/RevTerm/best_config/NO_12.c.smt2.json,212.0,./solver/z3 -smt2 experiments/benchmarks/RevTerm/best_config/NO_12.c.smt2,4051.0,,
NO_13.c.smt2,./PolyQEnt experiments/benchmarks/RevTerm/best_config/NO_13.c.smt2 experiments/configs-base/z3/benchmarks/RevTerm/best_config/NO_13.c.smt2.json,2693.0,./PolyQEnt experiments/benchmarks/RevTerm/best_config/NO_13.c.smt2 experiments/configs-h1/mathsat/benchmarks/RevTerm/best_config/NO_13.c.smt2.json,209.0,./PolyQEnt experiments/benchmarks/RevTerm/best_config/NO_13.c.smt2 experiments/configs-h2/z3/benchmarks/RevTerm/best_config/NO_13.c.smt2.json,2978.0,./PolyQEnt experiments/benchmarks/RevTerm/best_config/NO_13.c.smt2 experiments/configs-h12/mathsat/benchmarks/RevTerm/best_config/NO_13.c.smt2.json,247.0,,,,
NO_21.c.smt2,./PolyQEnt experiments/benchmarks/RevTerm/all/NO_21.c.smt2 experiments/configs-base/mathsat/benchmarks/RevTerm/all/NO_21.c.smt2.json,324.0,./PolyQEnt experiments/benchmarks/RevTerm/best_config/NO_21.c.smt2 experiments/configs-h1/mathsat/benchmarks/RevTerm/best_config/NO_21.c.smt2.json,207.0,./PolyQEnt experiments/benchmarks/RevTerm/all/NO_21.c.smt2 experiments/configs-h2/mathsat/benchmarks/RevTerm/all/NO_21.c.smt2.json,713.0,./PolyQEnt experiments/benchmarks/RevTerm/best_config/NO_21.c.smt2 experiments/configs-h12/mathsat/benchmarks/RevTerm/best_config/NO_21.c.smt2.json,230.0,./solver/z3 -smt2 experiments/benchmarks/RevTerm/best_config/NO_21.c.smt2,27.0,./solver/cvc5 -m experiments/benchmarks/RevTerm/best_config/NO_21.c.smt2,29.0
NO_22.c.smt2,./PolyQEnt experiments/benchmarks/RevTerm/best_config/NO_22.c.smt2 experiments/configs-base/mathsat/benchmarks/RevTerm/best_config/NO_22.c.smt2.json,250.0,./PolyQEnt experiments/benchmarks/RevTerm/best_config/NO_22.c.smt2 experiments/configs-h1/mathsat/benchmarks/RevTerm/best_config/NO_22.c.smt2.json,225.0,./PolyQEnt experiments/benchmarks/RevTerm/best_config/NO_22.c.smt2 experiments/configs-h2/mathsat/benchmarks/RevTerm/best_config/NO_22.c.smt2.json,335.0,./PolyQEnt experiments/benchmarks/RevTerm/best_config/NO_22.c.smt2 experiments/configs-h12/mathsat/benchmarks/RevTerm/best_config/NO_22.c.smt2.json,251.0,./solver/z3 -smt2 experiments/benchmarks/RevTerm/all/NO_22.c.smt2,29.0,,
NO_23.c.smt2,./PolyQEnt experiments/benchmarks/RevTerm/best_config/NO_23.c.smt2 experiments/configs-base/mathsat/benchmarks/RevTerm/best_config/NO_23.c.smt2.json,218.0,./PolyQEnt experiments/benchmarks/RevTerm/best_config/NO_23.c.smt2 experiments/configs-h1/mathsat/benchmarks/RevTerm/best_config/NO_23.c.smt2.json,223.0,./PolyQEnt experiments/benchmarks/RevTerm/best_config/NO_23.c.smt2 experiments/configs-h2/mathsat/benchmarks/RevTerm/best_config/NO_23.c.smt2.json,341.0,./PolyQEnt experiments/benchmarks/RevTerm/best_config/NO_23.c.smt2 experiments/configs-h12/mathsat/benchmarks/RevTerm/best_config/NO_23.c.smt2.json,237.0,./solver/z3 -smt2 experiments/benchmarks/RevTerm/best_config/NO_23.c.smt2,43.0,./solver/cvc5 -m experiments/benchmarks/RevTerm/best_config/NO_23.c.smt2,128.0
NO_24.c.smt2,./PolyQEnt experiments/benchmarks/RevTerm/all/NO_24.c.smt2 experiments/configs-base/mathsat/benchmarks/RevTerm/all/NO_24.c.smt2.json,521.0,./PolyQEnt experiments/benchmarks/RevTerm/best_config/NO_24.c.smt2 experiments/configs-h1/mathsat/benchmarks/RevTerm/best_config/NO_24.c.smt2.json,198.0,./PolyQEnt experiments/benchmarks/RevTerm/best_config/NO_24.c.smt2 experiments/configs-h2/z3/benchmarks/RevTerm/best_config/NO_24.c.smt2.json,710.0,./PolyQEnt experiments/benchmarks/RevTerm/best_config/NO_24.c.smt2 experiments/configs-h12/mathsat/benchmarks/RevTerm/best_config/NO_24.c.smt2.json,247.0,,,,
NarrowKonv.c.smt2,,,./PolyQEnt experiments/benchmarks/RevTerm/best_config/NarrowKonv.c.smt2 experiments/configs-h1/mathsat/benchmarks/RevTerm/best_config/NarrowKonv.c.smt2.json,686.0,./PolyQEnt experiments/benchmarks/RevTerm/best_config/NarrowKonv.c.smt2 experiments/configs-h2/z3/benchmarks/RevTerm/best_config/NarrowKonv.c.smt2.json,149914.0,./PolyQEnt experiments/benchmarks/RevTerm/best_config/NarrowKonv.c.smt2 experiments/configs-h12/mathsat/benchmarks/RevTerm/best_config/NarrowKonv.c.smt2.json,708.0,,,,
Narrowing.c.smt2,,,,,,,,,,,,
Nested.c.smt2,,,,,,,,,,,,
NonTermination1_false-termination.c.smt2,./PolyQEnt experiments/benchmarks/RevTerm/best_config/NonTermination1_false-termination.c.smt2 experiments/configs-base/z3/benchmarks/RevTerm/best_config/NonTermination1_false-termination.c.smt2.json,337.0,./PolyQEnt experiments/benchmarks/RevTerm/best_config/NonTermination1_false-termination.c.smt2 experiments/configs-h1/mathsat/benchmarks/RevTerm/best_config/NonTermination1_false-termination.c.smt2.json,196.0,./PolyQEnt experiments/benchmarks/RevTerm/best_config/NonTermination1_false-termination.c.smt2 experiments/configs-h2/mathsat/benchmarks/RevTerm/best_config/NonTermination1_false-termination.c.smt2.json,421.0,./PolyQEnt experiments/benchmarks/RevTerm/best_config/NonTermination1_false-termination.c.smt2 experiments/configs-h12/mathsat/benchmarks/RevTerm/best_config/NonTermination1_false-termination.c.smt2.json,233.0,./solver/z3 -smt2 experiments/benchmarks/RevTerm/best_config/NonTermination1_false-termination.c.smt2,30.0,,
NonTermination2_false-termination.c.smt2,./PolyQEnt experiments/benchmarks/RevTerm/all/NonTermination2_false-termination.c.smt2 experiments/configs-base/mathsat/benchmarks/RevTerm/all/NonTermination2_false-termination.c.smt2.json,1931.0,./PolyQEnt experiments/benchmarks/RevTerm/best_config/NonTermination2_false-termination.c.smt2 experiments/configs-h1/mathsat/benchmarks/RevTerm/best_config/NonTermination2_false-termination.c.smt2.json,204.0,,,./PolyQEnt experiments/benchmarks/RevTerm/best_config/NonTermination2_false-termination.c.smt2 experiments/configs-h12/z3/benchmarks/RevTerm/best_config/NonTermination2_false-termination.c.smt2.json,847.0,,,,
NonTermination4_false-termination.c.smt2,./PolyQEnt experiments/benchmarks/RevTerm/best_config/NonTermination4_false-termination.c.smt2 experiments/configs-base/mathsat/benchmarks/RevTerm/best_config/NonTermination4_false-termination.c.smt2.json,272.0,./PolyQEnt experiments/benchmarks/RevTerm/best_config/NonTermination4_false-termination.c.smt2 experiments/configs-h1/mathsat/benchmarks/RevTerm/best_config/NonTermination4_false-termination.c.smt2.json,193.0,./PolyQEnt experiments/benchmarks/RevTerm/best_config/NonTermination4_false-termination.c.smt2 experiments/configs-h2/mathsat/benchmarks/RevTerm/best_config/NonTermination4_false-termination.c.smt2.json,314.0,./PolyQEnt experiments/benchmarks/RevTerm/best_config/NonTermination4_false-termination.c.smt2 experiments/configs-h12/mathsat/benchmarks/RevTerm/best_config/NonTermination4_false-termination.c.smt2.json,237.0,./solver/z3 -smt2 experiments/benchmarks/RevTerm/best_config/NonTermination4_false-termination.c.smt2,75.0,,
NonTerminationSimple2_false-termination.c.smt2,./PolyQEnt experiments/benchmarks/RevTerm/best_config/NonTerminationSimple2_false-termination.c.smt2 experiments/configs-base/mathsat/benchmarks/RevTerm/best_config/NonTerminationSimple2_false-termination.c.smt2.json,225.0,./PolyQEnt experiments/benchmarks/RevTerm/all/NonTerminationSimple2_false-termination.c.smt2 experiments/configs-h1/mathsat/benchmarks/RevTerm/all/NonTerminationSimple2_false-termination.c.smt2.json,227.0,./PolyQEnt experiments/benchmarks/RevTerm/best_config/NonTerminationSimple2_false-termination.c.smt2 experiments/configs-h2/mathsat/benchmarks/RevTerm/best_config/NonTerminationSimple2_false-termination.c.smt2.json,319.0,./PolyQEnt experiments/benchmarks/RevTerm/best_config/NonTerminationSimple2_false-termination.c.smt2 experiments/configs-h12/mathsat/benchmarks/RevTerm/best_config/NonTerminationSimple2_false-termination.c.smt2.json,243.0,./solver/z3 -smt2 experiments/benchmarks/RevTerm/best_config/NonTerminationSimple2_false-termination.c.smt2,40.0,,
NonTerminationSimple3_false-termination.c.smt2,./PolyQEnt experiments/benchmarks/RevTerm/best_config/NonTerminationSimple3_false-termination.c.smt2 experiments/configs-base/mathsat/benchmarks/RevTerm/best_config/NonTerminationSimple3_false-termination.c.smt2.json,813.0,./PolyQEnt experiments/benchmarks/RevTerm/best_config/NonTerminationSimple3_false-termination.c.smt2 experiments/configs-h1/mathsat/benchmarks/RevTerm/best_config/NonTerminationSimple3_false-termination.c.smt2.json,224.0,./PolyQEnt experiments/benchmarks/RevTerm/best_config/NonTerminationSimple3_false-termination.c.smt2 experiments/configs-h2/z3/benchmarks/RevTerm/best_config/NonTerminationSimple3_false-termination.c.smt2.json,636.0,./PolyQEnt experiments/benchmarks/RevTerm/best_config/NonTerminationSimple3_false-termination.c.smt2 experiments/configs-h12/mathsat/benchmarks/RevTerm/best_config/NonTerminationSimple3_false-termination.c.smt2.json,253.0,,,,
NonTerminationSimple4_false-termination.c.smt2,./PolyQEnt experiments/benchmarks/RevTerm/best_config/NonTerminationSimple4_false-termination.c.smt2 experiments/configs-base/z3/benchmarks/RevTerm/best_config/NonTerminationSimple4_false-termination.c.smt2.json,674.0,./PolyQEnt experiments/benchmarks/RevTerm/best_config/NonTerminationSimple4_false-termination.c.smt2 experiments/configs-h1/mathsat/benchmarks/RevTerm/best_config/NonTerminationSimple4_false-termination.c.smt2.json,197.0,./PolyQEnt experiments/benchmarks/RevTerm/best_config/NonTerminationSimple4_false-termination.c.smt2 experiments/configs-h2/z3/benchmarks/RevTerm/best_config/NonTerminationSimple4_false-termination.c.smt2.json,873.0,./PolyQEnt experiments/benchmarks/RevTerm/best_config/NonTerminationSimple4_false-termination.c.smt2 experiments/configs-h12/mathsat/benchmarks/RevTerm/best_config/NonTerminationSimple4_false-termination.c.smt2.json,260.0,./solver/z3 -smt2 experiments/benchmarks/RevTerm/best_config/NonTerminationSimple4_false-termination.c.smt2,103207.0,,
NonTerminationSimple5_false-termination.c.smt2,./PolyQEnt experiments/benchmarks/RevTerm/all/NonTerminationSimple5_false-termination.c.smt2 experiments/configs-base/mathsat/benchmarks/RevTerm/all/NonTerminationSimple5_false-termination.c.smt2.json,4156.0,./PolyQEnt experiments/benchmarks/RevTerm/best_config/NonTerminationSimple5_false-termination.c.smt2 experiments/configs-h1/mathsat/benchmarks/RevTerm/best_config/NonTerminationSimple5_false-termination.c.smt2.json,355.0,./PolyQEnt experiments/benchmarks/RevTerm/best_config/NonTerminationSimple5_false-termination.c.smt2 experiments/configs-h2/z3/benchmarks/RevTerm/best_config/NonTerminationSimple5_false-termination.c.smt2.json,3693.0,./PolyQEnt experiments/benchmarks/RevTerm/best_config/NonTerminationSimple5_false-termination.c.smt2 experiments/configs-h12/z3/benchmarks/RevTerm/best_config/NonTerminationSimple5_false-termination.c.smt2.json,1165.0,,,,
NonTerminationSimple6_false-termination.c.smt2,./PolyQEnt experiments/benchmarks/RevTerm/all/NonTerminationSimple6_false-termination.c.smt2 experiments/configs-base/mathsat/benchmarks/RevTerm/all/NonTerminationSimple6_false-termination.c.smt2.json,1067.0,./PolyQEnt experiments/benchmarks/RevTerm/best_config/NonTerminationSimple6_false-termination.c.smt2 experiments/configs-h1/mathsat/benchmarks/RevTerm/best_config/NonTerminationSimple6_false-termination.c.smt2.json,247.0,./PolyQEnt experiments/benchmarks/RevTerm/all/NonTerminationSimple6_false-termination.c.smt2 experiments/configs-h2/mathsat/benchmarks/RevTerm/all/NonTerminationSimple6_false-termination.c.smt2.json,3414.0,./PolyQEnt experiments/benchmarks/RevTerm/best_config/NonTerminationSimple6_false-termination.c.smt2 experiments/configs-h12/mathsat/benchmarks/RevTerm/best_config/NonTerminationSimple6_false-termination.c.smt2.json,296.0,,,,
NonTerminationSimple7_false-termination.c.smt2,./PolyQEnt experiments/benchmarks/RevTerm/all/NonTerminationSimple7_false-termination.c.smt2 experiments/configs-base/mathsat/benchmarks/RevTerm/all/NonTerminationSimple7_false-termination.c.smt2.json,1666.0,./PolyQEnt experiments/benchmarks/RevTerm/best_config/NonTerminationSimple7_false-termination.c.smt2 experiments/configs-h1/mathsat/benchmarks/RevTerm/best_config/NonTerminationSimple7_false-termination.c.smt2.json,235.0,./PolyQEnt experiments/benchmarks/RevTerm/best_config/NonTerminationSimple7_false-termination.c.smt2 experiments/configs-h2/z3/benchmarks/RevTerm/best_config/NonTerminationSimple7_false-termination.c.smt2.json,1225.0,./PolyQEnt experiments/benchmarks/RevTerm/best_config/NonTerminationSimple7_false-termination.c.smt2 experiments/configs-h12/mathsat/benchmarks/RevTerm/best_config/NonTerminationSimple7_false-termination.c.smt2.json,302.0,,,,
NonTerminationSimple8_false-termination.c.smt2,./PolyQEnt experiments/benchmarks/RevTerm/best_config/NonTerminationSimple8_false-termination.c.smt2 experiments/configs-base/z3/benchmarks/RevTerm/best_config/NonTerminationSimple8_false-termination.c.smt2.json,874.0,./PolyQEnt experiments/benchmarks/RevTerm/best_config/NonTerminationSimple8_false-termination.c.smt2 experiments/configs-h1/mathsat/benchmarks/RevTerm/best_config/NonTerminationSimple8_false-termination.c.smt2.json,332.0,./PolyQEnt experiments/benchmarks/RevTerm/best_config/NonTerminationSimple8_false-termination.c.smt2 experiments/configs-h2/z3/benchmarks/RevTerm/best_config/NonTerminationSimple8_false-termination.c.smt2.json,622.0,./PolyQEnt experiments/benchmarks/RevTerm/best_config/NonTerminationSimple8_false-termination.c.smt2 experiments/configs-h12/mathsat/benchmarks/RevTerm/best_config/NonTerminationSimple8_false-termination.c.smt2.json,377.0,./solver/z3 -smt2 experiments/benchmarks/RevTerm/best_config/NonTerminationSimple8_false-termination.c.smt2,47.0,,
NonTerminationSimple9_false-termination.c.smt2,./PolyQEnt experiments/benchmarks/RevTerm/best_config/NonTerminationSimple9_false-termination.c.smt2 experiments/configs-base/z3/benchmarks/RevTerm/best_config/NonTerminationSimple9_false-termination.c.smt2.json,804.0,./PolyQEnt experiments/benchmarks/RevTerm/best_config/NonTerminationSimple9_false-termination.c.smt2 experiments/configs-h1/mathsat/benchmarks/RevTerm/best_config/NonTerminationSimple9_false-termination.c.smt2.json,228.0,./PolyQEnt experiments/benchmarks/RevTerm/best_config/NonTerminationSimple9_false-termination.c.smt2 experiments/configs-h2/z3/benchmarks/RevTerm/best_config/NonTerminationSimple9_false-termination.c.smt2.json,539.0,./PolyQEnt experiments/benchmarks/RevTerm/best_config/NonTerminationSimple9_false-termination.c.smt2 experiments/configs-h12/mathsat/benchmarks/RevTerm/best_config/NonTerminationSimple9_false-termination.c.smt2.json,285.0,,,,
NoriSharma-FSE2013-Fig7_true-termination.c.smt2,,,,,,,,,,,,
NoriSharma-FSE2013-Fig8_true-termination.c.smt2,,,,,,,,,,,,
Nyala-2lex_true-termination.c.smt2,,,,,,,,,,,,
Overflow.c.smt2,,,,,,,,,,,,
Parallel_true-termination.c.smt2,,,,,,,,,,,,
PastaA1.c.smt2,,,,,,,,,,,,
PastaA10.c.smt2,,,,,,,,,,,,
PastaA4.c.smt2,,,,,,,,,,,,
PastaA5.c.smt2,,,,,,,,,,,,
PastaA6.c.smt2,,,,,,,,,,,,
PastaA7.c.smt2,,,,,,,,,,,,
PastaA8.c.smt2,,,,,,,,,,,,
PastaA9.c.smt2,,,,,,,,,,,,
PastaB1.c.smt2,,,,,,,,,,,,
PastaB11.c.smt2,,,,,,,,,,,,
PastaB14.c.smt2,,,,,,,,,,,,
PastaB15.c.smt2,,,,,,,,,,,,
PastaB16.c.smt2,,,,,,,,,,,,
PastaB17.c.smt2,,,,,,,,,,,,
PastaB2.c.smt2,,,,,,,,,,,,
PastaB3.c.smt2,,,,,,,,,,,,
PastaB4.c.smt2,,,,,,,,,,,,
PastaB6.c.smt2,,,,,,,,,,,,
PastaB7.c.smt2,,,,,,,,,,,,
PastaC1.c.smt2,,,,,,,,,,,,
PastaC10.c.smt2,,,./PolyQEnt experiments/benchmarks/RevTerm/best_config/PastaC10.c.smt2 experiments/configs-h1/mathsat/benchmarks/RevTerm/best_config/PastaC10.c.smt2.json,280.0,,,./PolyQEnt experiments/benchmarks/RevTerm/all/PastaC10.c.smt2 experiments/configs-h12/mathsat/benchmarks/RevTerm/all/PastaC10.c.smt2.json,3229.0,,,,
PastaC2.c.smt2,,,,,,,,,,,,
PastaC3.c.smt2,,,,,,,,,,,,
PastaC7.c.smt2,,,,,,,,,,,,
PastaC9.c.smt2,,,,,,,,,,,,
Piecewise_true-termination.c.smt2,,,,,,,,,,,,
PlusSwap.c.smt2,,,,,,,,,,,,
PodelskiRybalchenko-LICS2004-Fig1_true-termination.c.smt2,,,,,,,,,,,,
PodelskiRybalchenko-LICS2004-Fig2-TACAS2011-Fig3_true-termination.c.smt2,,,,,,,,,,,,
PodelskiRybalchenko-TACAS2011-Fig1_true-termination.c.smt2,,,,,,,,,,,,
PodelskiRybalchenko-TACAS2011-Fig2_true-termination.c.smt2,,,,,,,,,,,,
PodelskiRybalchenko-TACAS2011-Fig4_true-termination.c.smt2,,,,,,,,,,,,
PodelskiRybalchenko-VMCAI2004-Ex1_true-termination.c.smt2,,,,,,,,,,,,
PodelskiRybalchenko-VMCAI2004-Ex2_true-termination.c.smt2,,,,,,,,,,,,
Pure2Phase_true-termination.c.smt2,,,,,,,,,,,,
Pure3Phase_true-termination.c.smt2,,,,,,,,,,,,
Rotation180_false-termination.c.smt2,./PolyQEnt experiments/benchmarks/RevTerm/best_config/Rotation180_false-termination.c.smt2 experiments/configs-base/z3/benchmarks/RevTerm/best_config/Rotation180_false-termination.c.smt2.json,679.0,./PolyQEnt experiments/benchmarks/RevTerm/best_config/Rotation180_false-termination.c.smt2 experiments/configs-h1/mathsat/benchmarks/RevTerm/best_config/Rotation180_false-termination.c.smt2.json,221.0,./PolyQEnt experiments/benchmarks/RevTerm/best_config/Rotation180_false-termination.c.smt2 experiments/configs-h2/z3/benchmarks/RevTerm/best_config/Rotation180_false-termination.c.smt2.json,256.0,./PolyQEnt experiments/benchmarks/RevTerm/best_config/Rotation180_false-termination.c.smt2 experiments/configs-h12/mathsat/benchmarks/RevTerm/best_config/Rotation180_false-termination.c.smt2.json,220.0,./solver/z3 -smt2 experiments/benchmarks/RevTerm/best_config/Rotation180_false-termination.c.smt2,23.0,,
Sequence.c.smt2,,,,,,,,,,,,
Singapore_plus_false-termination.c.smt2,./PolyQEnt experiments/benchmarks/RevTerm/all/Singapore_plus_false-termination.c.smt2 experiments/configs-base/mathsat/benchmarks/RevTerm/all/Singapore_plus_false-termination.c.smt2.json,1833.0,./PolyQEnt experiments/benchmarks/RevTerm/best_config/Singapore_plus_false-termination.c.smt2 experiments/configs-h1/mathsat/benchmarks/RevTerm/best_config/Singapore_plus_false-termination.c.smt2.json,250.0,,,./PolyQEnt experiments/benchmarks/RevTerm/all/Singapore_plus_false-termination.c.smt2 experiments/configs-h12/z3/benchmarks/RevTerm/all/Singapore_plus_false-termination.c.smt2.json,279419.0,./solver/z3 -smt2 experiments/benchmarks/RevTerm/all/Singapore_plus_false-termination.c.smt2,43.0,,
Singapore_true-termination.c.smt2,,,,,,,,,,,,
Singapore_v1_false-termination.c.smt2,./PolyQEnt experiments/benchmarks/RevTerm/all/Singapore_v1_false-termination.c.smt2 experiments/configs-base/mathsat/benchmarks/RevTerm/all/Singapore_v1_false-termination.c.smt2.json,773.0,./PolyQEnt experiments/benchmarks/RevTerm/best_config/Singapore_v1_false-termination.c.smt2 experiments/configs-h1/mathsat/benchmarks/RevTerm/best_config/Singapore_v1_false-termination.c.smt2.json,327.0,,,,,,,,
Singapore_v2_false-termination.c.smt2,./PolyQEnt experiments/benchmarks/RevTerm/all/Singapore_v2_false-termination.c.smt2 experiments/configs-base/mathsat/benchmarks/RevTerm/all/Singapore_v2_false-termination.c.smt2.json,751.0,./PolyQEnt experiments/benchmarks/RevTerm/all/Singapore_v2_false-termination.c.smt2 experiments/configs-h1/mathsat/benchmarks/RevTerm/all/Singapore_v2_false-termination.c.smt2.json,319.0,,,,,,,,
Stockholm_true-termination.c.smt2,,,,,,,,,,,,
Sunset.c.smt2,,,./PolyQEnt experiments/benchmarks/RevTerm/all/Sunset.c.smt2 experiments/configs-h1/mathsat/benchmarks/RevTerm/all/Sunset.c.smt2.json,1449.0,,,./PolyQEnt experiments/benchmarks/RevTerm/all/Sunset.c.smt2 experiments/configs-h12/z3/benchmarks/RevTerm/all/Sunset.c.smt2.json,3157.0,,,,
Swingers.c.smt2,./PolyQEnt experiments/benchmarks/RevTerm/best_config/Swingers.c.smt2 experiments/configs-base/z3/benchmarks/RevTerm/best_config/Swingers.c.smt2.json,1082.0,./PolyQEnt experiments/benchmarks/RevTerm/best_config/Swingers.c.smt2 experiments/configs-h1/mathsat/benchmarks/RevTerm/best_config/Swingers.c.smt2.json,181.0,./PolyQEnt experiments/benchmarks/RevTerm/best_config/Swingers.c.smt2 experiments/configs-h2/z3/benchmarks/RevTerm/best_config/Swingers.c.smt2.json,480.0,./PolyQEnt experiments/benchmarks/RevTerm/best_config/Swingers.c.smt2 experiments/configs-h12/mathsat/benchmarks/RevTerm/best_config/Swingers.c.smt2.json,234.0,,,,
TelAviv-Amir-Minimum_true-termination.c.smt2,,,,,,,,,,,,
Thun_true-termination.c.smt2,,,,,,,,,,,,
Toulouse-BranchesToLoop_true-termination.c.smt2,,,,,,,,,,,,
Toulouse-MultiBranchesToLoop_true-termination.c.smt2,,,,,,,,,,,,
TrueDiv.c.smt2,./PolyQEnt experiments/benchmarks/RevTerm/best_config/TrueDiv.c.smt2 experiments/configs-base/z3/benchmarks/RevTerm/best_config/TrueDiv.c.smt2.json,522.0,./PolyQEnt experiments/benchmarks/RevTerm/best_config/TrueDiv.c.smt2 experiments/configs-h1/mathsat/benchmarks/RevTerm/best_config/TrueDiv.c.smt2.json,197.0,./PolyQEnt experiments/benchmarks/RevTerm/best_config/TrueDiv.c.smt2 experiments/configs-h2/z3/benchmarks/RevTerm/best_config/TrueDiv.c.smt2.json,234.0,./PolyQEnt experiments/benchmarks/RevTerm/best_config/TrueDiv.c.smt2 experiments/configs-h12/mathsat/benchmarks/RevTerm/best_config/TrueDiv.c.smt2.json,204.0,./solver/z3 -smt2 experiments/benchmarks/RevTerm/best_config/TrueDiv.c.smt2,27.0,,
TwoFloatInterv.c.smt2,./PolyQEnt experiments/benchmarks/RevTerm/best_config/TwoFloatInterv.c.smt2 experiments/configs-base/z3/benchmarks/RevTerm/best_config/TwoFloatInterv.c.smt2.json,5712.0,./PolyQEnt experiments/benchmarks/RevTerm/best_config/TwoFloatInterv.c.smt2 experiments/configs-h1/z3/benchmarks/RevTerm/best_config/TwoFloatInterv.c.smt2.json,4209.0,./PolyQEnt experiments/benchmarks/RevTerm/best_config/TwoFloatInterv.c.smt2 experiments/configs-h2/z3/benchmarks/RevTerm/best_config/TwoFloatInterv.c.smt2.json,7444.0,./PolyQEnt experiments/benchmarks/RevTerm/best_config/TwoFloatInterv.c.smt2 experiments/configs-h12/mathsat/benchmarks/RevTerm/best_config/TwoFloatInterv.c.smt2.json,17350.0,,,,
UpAndDown.c.smt2,,,./PolyQEnt experiments/benchmarks/RevTerm/best_config/UpAndDown.c.smt2 experiments/configs-h1/mathsat/benchmarks/RevTerm/best_config/UpAndDown.c.smt2.json,730.0,./PolyQEnt experiments/benchmarks/RevTerm/best_config/UpAndDown.c.smt2 experiments/configs-h2/z3/benchmarks/RevTerm/best_config/UpAndDown.c.smt2.json,81225.0,./PolyQEnt experiments/benchmarks/RevTerm/best_config/UpAndDown.c.smt2 experiments/configs-h12/mathsat/benchmarks/RevTerm/best_config/UpAndDown.c.smt2.json,810.0,,,,
UpAndDownIneq.c.smt2,,,./PolyQEnt experiments/benchmarks/RevTerm/best_config/UpAndDownIneq.c.smt2 experiments/configs-h1/mathsat/benchmarks/RevTerm/best_config/UpAndDownIneq.c.smt2.json,323.0,./PolyQEnt experiments/benchmarks/RevTerm/best_config/UpAndDownIneq.c.smt2 experiments/configs-h2/z3/benchmarks/RevTerm/best_config/UpAndDownIneq.c.smt2.json,2855.0,./PolyQEnt experiments/benchmarks/RevTerm/best_config/UpAndDownIneq.c.smt2 experiments/configs-h12/mathsat/benchmarks/RevTerm/best_config/UpAndDownIneq.c.smt2.json,383.0,,,,
Urban-WST2013-Fig1_false-termination.c.smt2,./PolyQEnt experiments/benchmarks/RevTerm/best_config/Urban-WST2013-Fig1_false-termination.c.smt2 experiments/configs-base/mathsat/benchmarks/RevTerm/best_config/Urban-WST2013-Fig1_false-termination.c.smt2.json,263.0,./PolyQEnt experiments/benchmarks/RevTerm/best_config/Urban-WST2013-Fig1_false-termination.c.smt2 experiments/configs-h1/mathsat/benchmarks/RevTerm/best_config/Urban-WST2013-Fig1_false-termination.c.smt2.json,191.0,./PolyQEnt experiments/benchmarks/RevTerm/best_config/Urban-WST2013-Fig1_false-termination.c.smt2 experiments/configs-h2/mathsat/benchmarks/RevTerm/best_config/Urban-WST2013-Fig1_false-termination.c.smt2.json,312.0,./PolyQEnt experiments/benchmarks/RevTerm/best_config/Urban-WST2013-Fig1_false-termination.c.smt2 experiments/configs-h12/mathsat/benchmarks/RevTerm/best_config/Urban-WST2013-Fig1_false-termination.c.smt2.json,255.0,./solver/z3 -smt2 experiments/benchmarks/RevTerm/all/Urban-WST2013-Fig1_false-termination.c.smt2,122.0,,
Urban-WST2013-Fig2-modified1000_true-termination.c.smt2,,,,,,,,,,,,
Urban-WST2013-Fig2_true-termination.c.smt2,,,,,,,,,,,,
UrbanMine-ESOP2014-Fig3_true-termination.c.smt2,,,,,,,,,,,,
Velroyen_false-termination.c.smt2,./PolyQEnt experiments/benchmarks/RevTerm/best_config/Velroyen_false-termination.c.smt2 experiments/configs-base/z3/benchmarks/RevTerm/best_config/Velroyen_false-termination.c.smt2.json,18413.0,./PolyQEnt experiments/benchmarks/RevTerm/best_config/Velroyen_false-termination.c.smt2 experiments/configs-h1/mathsat/benchmarks/RevTerm/best_config/Velroyen_false-termination.c.smt2.json,331.0,./PolyQEnt experiments/benchmarks/RevTerm/best_config/Velroyen_false-termination.c.smt2 experiments/configs-h2/z3/benchmarks/RevTerm/best_config/Velroyen_false-termination.c.smt2.json,18353.0,./PolyQEnt experiments/benchmarks/RevTerm/best_config/Velroyen_false-termination.c.smt2 experiments/configs-h12/z3/benchmarks/RevTerm/best_config/Velroyen_false-termination.c.smt2.json,3361.0,./solver/z3 -smt2 experiments/benchmarks/RevTerm/all/Velroyen_false-termination.c.smt2,55.0,./solver/cvc5 -m experiments/benchmarks/RevTerm/best_config/Velroyen_false-termination.c.smt2,875.0
Waldkirch_true-termination.c.smt2,,,,,,,,,,,,
WhileDecr.c.smt2,,,,,,,,,,,,
WhileFalse_true-termination.c.smt2,,,,,,,,,,,,
WhileIncr.c.smt2,./PolyQEnt experiments/benchmarks/RevTerm/best_config/WhileIncr.c.smt2 experiments/configs-base/mathsat/benchmarks/RevTerm/best_config/WhileIncr.c.smt2.json,235.0,./PolyQEnt experiments/benchmarks/RevTerm/best_config/WhileIncr.c.smt2 experiments/configs-h1/mathsat/benchmarks/RevTerm/best_config/WhileIncr.c.smt2.json,202.0,./PolyQEnt experiments/benchmarks/RevTerm/best_config/WhileIncr.c.smt2 experiments/configs-h2/mathsat/benchmarks/RevTerm/best_config/WhileIncr.c.smt2.json,321.0,./PolyQEnt experiments/benchmarks/RevTerm/best_config/WhileIncr.c.smt2 experiments/configs-h12/mathsat/benchmarks/RevTerm/best_config/WhileIncr.c.smt2.json,282.0,./solver/z3 -smt2 experiments/benchmarks/RevTerm/best_config/WhileIncr.c.smt2,29.0,,
WhileIncrPart.c.smt2,./PolyQEnt experiments/benchmarks/RevTerm/best_config/WhileIncrPart.c.smt2 experiments/configs-base/z3/benchmarks/RevTerm/best_config/WhileIncrPart.c.smt2.json,527.0,./PolyQEnt experiments/benchmarks/RevTerm/best_config/WhileIncrPart.c.smt2 experiments/configs-h1/z3/benchmarks/RevTerm/best_config/WhileIncrPart.c.smt2.json,297.0,./PolyQEnt experiments/benchmarks/RevTerm/best_config/WhileIncrPart.c.smt2 experiments/configs-h2/z3/benchmarks/RevTerm/best_config/WhileIncrPart.c.smt2.json,673.0,./PolyQEnt experiments/benchmarks/RevTerm/best_config/WhileIncrPart.c.smt2 experiments/configs-h12/z3/benchmarks/RevTerm/best_config/WhileIncrPart.c.smt2.json,350.0,./solver/z3 -smt2 experiments/benchmarks/RevTerm/best_config/WhileIncrPart.c.smt2,52.0,,
WhileNested.c.smt2,./PolyQEnt experiments/benchmarks/RevTerm/best_config/WhileNested.c.smt2 experiments/configs-base/z3/benchmarks/RevTerm/best_config/WhileNested.c.smt2.json,980.0,./PolyQEnt experiments/benchmarks/RevTerm/best_config/WhileNested.c.smt2 experiments/configs-h1/mathsat/benchmarks/RevTerm/best_config/WhileNested.c.smt2.json,247.0,./PolyQEnt experiments/benchmarks/RevTerm/best_config/WhileNested.c.smt2 experiments/configs-h2/z3/benchmarks/RevTerm/best_config/WhileNested.c.smt2.json,904.0,./PolyQEnt experiments/benchmarks/RevTerm/best_config/WhileNested.c.smt2 experiments/configs-h12/z3/benchmarks/RevTerm/best_config/WhileNested.c.smt2.json,453.0,,,,
WhileNestedOffset.c.smt2,./PolyQEnt experiments/benchmarks/RevTerm/best_config/WhileNestedOffset.c.smt2 experiments/configs-base/z3/benchmarks/RevTerm/best_config/WhileNestedOffset.c.smt2.json,543.0,./PolyQEnt experiments/benchmarks/RevTerm/best_config/WhileNestedOffset.c.smt2 experiments/configs-h1/mathsat/benchmarks/RevTerm/best_config/WhileNestedOffset.c.smt2.json,196.0,./PolyQEnt experiments/benchmarks/RevTerm/best_config/WhileNestedOffset.c.smt2 experiments/configs-h2/z3/benchmarks/RevTerm/best_config/WhileNestedOffset.c.smt2.json,750.0,./PolyQEnt experiments/benchmarks/RevTerm/best_config/WhileNestedOffset.c.smt2 experiments/configs-h12/z3/benchmarks/RevTerm/best_config/WhileNestedOffset.c.smt2.json,373.0,,,,
WhilePart.c.smt2,./PolyQEnt experiments/benchmarks/RevTerm/best_config/WhilePart.c.smt2 experiments/configs-base/z3/benchmarks/RevTerm/best_config/WhilePart.c.smt2.json,495.0,./PolyQEnt experiments/benchmarks/RevTerm/best_config/WhilePart.c.smt2 experiments/configs-h1/z3/benchmarks/RevTerm/best_config/WhilePart.c.smt2.json,288.0,./PolyQEnt experiments/benchmarks/RevTerm/best_config/WhilePart.c.smt2 experiments/configs-h2/z3/benchmarks/RevTerm/best_config/WhilePart.c.smt2.json,526.0,./PolyQEnt experiments/benchmarks/RevTerm/best_config/WhilePart.c.smt2 experiments/configs-h12/z3/benchmarks/RevTerm/best_config/WhilePart.c.smt2.json,344.0,./solver/z3 -smt2 experiments/benchmarks/RevTerm/best_config/WhilePart.c.smt2,27.0,,
WhileSingle.c.smt2,./PolyQEnt experiments/benchmarks/RevTerm/best_config/WhileSingle.c.smt2 experiments/configs-base/mathsat/benchmarks/RevTerm/best_config/WhileSingle.c.smt2.json,287.0,./PolyQEnt experiments/benchmarks/RevTerm/best_config/WhileSingle.c.smt2 experiments/configs-h1/mathsat/benchmarks/RevTerm/best_config/WhileSingle.c.smt2.json,223.0,./PolyQEnt experiments/benchmarks/RevTerm/best_config/WhileSingle.c.smt2 experiments/configs-h2/mathsat/benchmarks/RevTerm/best_config/WhileSingle.c.smt2.json,398.0,./PolyQEnt experiments/benchmarks/RevTerm/best_config/WhileSingle.c.smt2 experiments/configs-h12/mathsat/benchmarks/RevTerm/best_config/WhileSingle.c.smt2.json,274.0,,,,
WhileTrue.c.smt2,./PolyQEnt experiments/benchmarks/RevTerm/best_config/WhileTrue.c.smt2 experiments/configs-base/mathsat/benchmarks/RevTerm/best_config/WhileTrue.c.smt2.json,281.0,./PolyQEnt experiments/benchmarks/RevTerm/best_config/WhileTrue.c.smt2 experiments/configs-h1/mathsat/benchmarks/RevTerm/best_config/WhileTrue.c.smt2.json,220.0,./PolyQEnt experiments/benchmarks/RevTerm/all/WhileTrue.c.smt2 experiments/configs-h2/z3/benchmarks/RevTerm/all/WhileTrue.c.smt2.json,258.0,./PolyQEnt experiments/benchmarks/RevTerm/all/WhileTrue.c.smt2 experiments/configs-h12/z3/benchmarks/RevTerm/all/WhileTrue.c.smt2.json,217.0,./solver/z3 -smt2 experiments/benchmarks/RevTerm/all/WhileTrue.c.smt2,29.0,,
WhileTrue_false-termination.c.smt2,./PolyQEnt experiments/benchmarks/RevTerm/all/WhileTrue_false-termination.c.smt2 experiments/configs-base/z3/benchmarks/RevTerm/all/WhileTrue_false-termination.c.smt2.json,181.0,./PolyQEnt experiments/benchmarks/RevTerm/all/WhileTrue_false-termination.c.smt2 experiments/configs-h1/z3/benchmarks/RevTerm/all/WhileTrue_false-termination.c.smt2.json,183.0,./PolyQEnt experiments/benchmarks/RevTerm/best_config/WhileTrue_false-termination.c.smt2 experiments/configs-h2/mathsat/benchmarks/RevTerm/best_config/WhileTrue_false-termination.c.smt2.json,197.0,./PolyQEnt experiments/benchmarks/RevTerm/all/WhileTrue_false-termination.c.smt2 experiments/configs-h12/mathsat/benchmarks/RevTerm/all/WhileTrue_false-termination.c.smt2.json,198.0,./solver/z3 -smt2 experiments/benchmarks/RevTerm/all/WhileTrue_false-termination.c.smt2,20.0,./solver/cvc5 -m experiments/benchmarks/RevTerm/all/WhileTrue_false-termination.c.smt2,7.0
aaron2_true-termination.c.smt2,,,,,,,,,,,,
aaron3_true-termination.c.smt2,,,,,,,,,,,,
collatz.c.smt2,,,,,,,,,,,,
easy1_true-termination.c.smt2,,,,,,,,,,,,
easy2_true-termination.c.smt2,,,,,,,,,,,,
gcd1_true-termination.c.smt2,,,,,,,,,,,,
genady_true-termination.c.smt2,,,,,,,,,,,,
min_rf_true-termination.c.smt2,,,,,,,,,,,,
svcomp_a.01.c.smt2,,,,,,,,,,,,
svcomp_a.04.c.smt2,,,,,,,,,,,,
svcomp_a.05.c.smt2,,,,,,,,,,,,
svcomp_a.06.c.smt2,,,,,,,,,,,,
svcomp_a.07.c.smt2,,,,,,,,,,,,
svcomp_a.08.c.smt2,,,,,,,,,,,,
svcomp_a.09_assume.c.smt2,,,,,,,,,,,,
svcomp_a.10.c.smt2,,,,,,,,,,,,
svcomp_b.01.c.smt2,,,,,,,,,,,,
svcomp_b.02.c.smt2,,,,,,,,,,,,
svcomp_b.03-no-inv_assume.c.smt2,,,,,,,,,,,,
svcomp_b.03_assume.c.smt2,,,,,,,,,,,,
svcomp_b.04.c.smt2,,,,,,,,,,,,
svcomp_b.05.c.smt2,,,,,,,,,,,,
svcomp_b.06.c.smt2,,,,,,,,,,,,
svcomp_b.07.c.smt2,,,,,,,,,,,,
svcomp_b.09-no-inv_assume.c.smt2,,,,,,,,,,,,
svcomp_b.09_assume.c.smt2,,,,,,,,,,,,
svcomp_b.10.c.smt2,,,,,,,,,,,,
svcomp_b.11.c.smt2,,,,,,,,,,,,
svcomp_b.12.c.smt2,,,,,,,,,,,,
svcomp_b.13.c.smt2,,,,,,,,,,,,
svcomp_b.14.c.smt2,,,,,,,,,,,,
svcomp_b.15.c.smt2,,,,,,,,,,,,
svcomp_b.16.c.smt2,,,,,,,,,,,,
svcomp_b.17.c.smt2,,,,,,,,,,,,
svcomp_b.18.c.smt2,,,,,,,,,,,,
svcomp_c.01-no-inv.c.smt2,,,,,,,,,,,,
svcomp_c.01_assume.c.smt2,,,,,,,,,,,,
svcomp_c.02.c.smt2,,,,,,,,,,,,
svcomp_c.03.c.smt2,,,,,,,,,,,,
svcomp_c.07.c.smt2,,,,,,,,,,,,
svcomp_c.08.c.smt2,,,,,,,,,,,,
svcomp_easySum.c.smt2,,,,,,,,,,,,
svcomp_ex1.c.smt2,,,,,,,,,,,,
svcomp_ex2.c.smt2,,,,,,,,,,,,
svcomp_ex3a.c.smt2,,,,,,,,,,,,
svcomp_ex3b.c.smt2,,,,,,,,,,,,
svcomp_fermat.c.smt2,,,,,,,,,,,,
svcomp_flag.c.smt2,,,,,,,,,,,,
svcomp_java_AG313.c.smt2,,,,,,,,,,,,
svcomp_java_Break.c.smt2,,,,,,,,,,,,
svcomp_java_Continue1.c.smt2,,,,,,,,,,,,
svcomp_java_Nested.c.smt2,,,,,,,,,,,,
svcomp_java_Sequence.c.smt2,,,,,,,,,,,,
